panel_group,variant,reference,mask_seed,seed,metric,difference_seconds
calendar,ours,ours,20260919,42,mae,0.0
calendar,ours,ours,20260919,42,rmse,0.0
calendar,ours,ours,20260919,42,prefix50,0.0
calendar,no_deviation,ours,20260919,42,mae,0.3940450396089581
calendar,no_deviation,ours,20260919,42,rmse,1.2457691162504716
calendar,no_deviation,ours,20260919,42,prefix50,2.2239727873413244
calendar,no_time,ours,20260919,42,mae,0.20988252993450374
calendar,no_time,ours,20260919,42,rmse,0.9363196376175082
calendar,no_time,ours,20260919,42,prefix50,9.407764349149858
calendar,shuffle_time,ours,20260919,42,mae,0.5436979789605587
calendar,shuffle_time,ours,20260919,42,rmse,0.960692038307144
calendar,shuffle_time,ours,20260919,42,prefix50,7.789783208988666
calendar,ours,ours,20260919,43,mae,0.0
calendar,ours,ours,20260919,43,rmse,0.0
calendar,ours,ours,20260919,43,prefix50,0.0
calendar,no_deviation,ours,20260919,43,mae,0.500783539231513
calendar,no_deviation,ours,20260919,43,rmse,1.9550452796235334
calendar,no_deviation,ours,20260919,43,prefix50,2.174624427756953
calendar,no_time,ours,20260919,43,mae,-0.08815373038712693
calendar,no_time,ours,20260919,43,rmse,0.5757135502819963
calendar,no_time,ours,20260919,43,prefix50,5.754429065449102
calendar,shuffle_time,ours,20260919,43,mae,0.3850545526237177
calendar,shuffle_time,ours,20260919,43,rmse,1.1751723588988483
calendar,shuffle_time,ours,20260919,43,prefix50,10.137134929188448
calendar,ours,ours,20260919,44,mae,0.0
calendar,ours,ours,20260919,44,rmse,0.0
calendar,ours,ours,20260919,44,prefix50,0.0
calendar,no_deviation,ours,20260919,44,mae,0.009011100560726959
calendar,no_deviation,ours,20260919,44,rmse,1.041699959080745
calendar,no_deviation,ours,20260919,44,prefix50,-3.2193481482900097
calendar,no_time,ours,20260919,44,mae,-0.48748792569925214
calendar,no_time,ours,20260919,44,rmse,-0.3624760787051855
calendar,no_time,ours,20260919,44,prefix50,-2.6679410899483287
calendar,shuffle_time,ours,20260919,44,mae,0.04080588390718276
calendar,shuffle_time,ours,20260919,44,rmse,0.289604807013248
calendar,shuffle_time,ours,20260919,44,prefix50,2.3870083116588887
calendar,ours,ours,20260920,42,mae,0.0
calendar,ours,ours,20260920,42,rmse,0.0
calendar,ours,ours,20260920,42,prefix50,0.0
calendar,no_deviation,ours,20260920,42,mae,0.5482221632857822
calendar,no_deviation,ours,20260920,42,rmse,1.6974190850226947
calendar,no_deviation,ours,20260920,42,prefix50,3.605770079178285
calendar,no_time,ours,20260920,42,mae,-0.11636793728817452
calendar,no_time,ours,20260920,42,rmse,0.5400301955385842
calendar,no_time,ours,20260920,42,prefix50,2.563567400197172
calendar,shuffle_time,ours,20260920,42,mae,0.25368402855416505
calendar,shuffle_time,ours,20260920,42,rmse,0.6342812510694529
calendar,shuffle_time,ours,20260920,42,prefix50,-1.2805348303643598
calendar,ours,ours,20260920,43,mae,0.0
calendar,ours,ours,20260920,43,rmse,0.0
calendar,ours,ours,20260920,43,prefix50,0.0
calendar,no_deviation,ours,20260920,43,mae,0.5053576146782319
calendar,no_deviation,ours,20260920,43,rmse,1.9517086427063077
calendar,no_deviation,ours,20260920,43,prefix50,7.724994322884299
calendar,no_time,ours,20260920,43,mae,-0.0019264268921332928
calendar,no_time,ours,20260920,43,rmse,0.6863107145620404
calendar,no_time,ours,20260920,43,prefix50,17.095136503906645
calendar,shuffle_time,ours,20260920,43,mae,0.19156751265746053
calendar,shuffle_time,ours,20260920,43,rmse,0.46767820883181344
calendar,shuffle_time,ours,20260920,43,prefix50,13.420921007937835
calendar,ours,ours,20260920,44,mae,0.0
calendar,ours,ours,20260920,44,rmse,0.0
calendar,ours,ours,20260920,44,prefix50,0.0
calendar,no_deviation,ours,20260920,44,mae,0.583559583893237
calendar,no_deviation,ours,20260920,44,rmse,1.982575294922114
calendar,no_deviation,ours,20260920,44,prefix50,7.734977796468911
calendar,no_time,ours,20260920,44,mae,0.06875352162031234
calendar,no_time,ours,20260920,44,rmse,0.5151617658490011
calendar,no_time,ours,20260920,44,prefix50,7.8391243543895825
calendar,shuffle_time,ours,20260920,44,mae,0.7833060383640387
calendar,shuffle_time,ours,20260920,44,rmse,1.5294424505181752
calendar,shuffle_time,ours,20260920,44,prefix50,9.996755187823936
calendar,ours,ours,20260921,42,mae,0.0
calendar,ours,ours,20260921,42,rmse,0.0
calendar,ours,ours,20260921,42,prefix50,0.0
calendar,no_deviation,ours,20260921,42,mae,0.35021955403350447
calendar,no_deviation,ours,20260921,42,rmse,1.5676465539356101
calendar,no_deviation,ours,20260921,42,prefix50,4.0810038691589625
calendar,no_time,ours,20260921,42,mae,-0.11720110329460098
calendar,no_time,ours,20260921,42,rmse,0.37366208648612087
calendar,no_time,ours,20260921,42,prefix50,7.421446040177102
calendar,shuffle_time,ours,20260921,42,mae,0.48753276437458126
calendar,shuffle_time,ours,20260921,42,rmse,1.0006379500403142
calendar,shuffle_time,ours,20260921,42,prefix50,6.840083617010208
calendar,ours,ours,20260921,43,mae,0.0
calendar,ours,ours,20260921,43,rmse,0.0
calendar,ours,ours,20260921,43,prefix50,0.0
calendar,no_deviation,ours,20260921,43,mae,0.5427712648697565
calendar,no_deviation,ours,20260921,43,rmse,2.0127700495826204
calendar,no_deviation,ours,20260921,43,prefix50,4.55995697892115
calendar,no_time,ours,20260921,43,mae,-0.07669559666418024
calendar,no_time,ours,20260921,43,rmse,0.7999777332596807
calendar,no_time,ours,20260921,43,prefix50,5.613148027554644
calendar,shuffle_time,ours,20260921,43,mae,0.4150080545268082
calendar,shuffle_time,ours,20260921,43,rmse,1.2841274734754435
calendar,shuffle_time,ours,20260921,43,prefix50,9.283623583048012
calendar,ours,ours,20260921,44,mae,0.0
calendar,ours,ours,20260921,44,rmse,0.0
calendar,ours,ours,20260921,44,prefix50,0.0
calendar,no_deviation,ours,20260921,44,mae,0.21356428376640224
calendar,no_deviation,ours,20260921,44,rmse,1.1490125324417946
calendar,no_deviation,ours,20260921,44,prefix50,-3.337719051910028
calendar,no_time,ours,20260921,44,mae,0.048862843474619666
calendar,no_time,ours,20260921,44,rmse,0.38920059597715095
calendar,no_time,ours,20260921,44,prefix50,9.73812861446936
calendar,shuffle_time,ours,20260921,44,mae,0.29318743003771885
calendar,shuffle_time,ours,20260921,44,rmse,0.9673675620134148
calendar,shuffle_time,ours,20260921,44,prefix50,6.806410060903545
correction,centered045_reference,centered045_reference,20260919,42,mae,0.0
correction,centered045_reference,centered045_reference,20260919,42,rmse,0.0
correction,centered045_reference,centered045_reference,20260919,42,prefix50,0.0
correction,rho010,centered045_reference,20260919,42,mae,0.09311958413666943
correction,rho010,centered045_reference,20260919,42,rmse,0.6312718018684151
correction,rho010,centered045_reference,20260919,42,prefix50,-0.9073985774619757
correction,rho025,centered045_reference,20260919,42,mae,-0.0022404019946620224
correction,rho025,centered045_reference,20260919,42,rmse,0.30374609933770813
correction,rho025,centered045_reference,20260919,42,prefix50,-2.3596090544920116
correction,uncentered045,centered045_reference,20260919,42,mae,0.09370799997218171
correction,uncentered045,centered045_reference,20260919,42,rmse,0.1481621883380626
correction,uncentered045,centered045_reference,20260919,42,prefix50,1.0602595021591412
correction,centered045_reference,centered045_reference,20260919,43,mae,0.0
correction,centered045_reference,centered045_reference,20260919,43,rmse,0.0
correction,centered045_reference,centered045_reference,20260919,43,prefix50,0.0
correction,rho010,centered045_reference,20260919,43,mae,0.27319140990117674
correction,rho010,centered045_reference,20260919,43,rmse,1.4257271498316655
correction,rho010,centered045_reference,20260919,43,prefix50,-0.029367206951093294
correction,rho025,centered045_reference,20260919,43,mae,-0.0760386868552807
correction,rho025,centered045_reference,20260919,43,rmse,0.3917400415472585
correction,rho025,centered045_reference,20260919,43,prefix50,-2.3229952116388404
correction,uncentered045,centered045_reference,20260919,43,mae,-0.1619506215448503
correction,uncentered045,centered045_reference,20260919,43,rmse,0.18488214860501984
correction,uncentered045,centered045_reference,20260919,43,prefix50,-1.8457243313601452
correction,centered045_reference,centered045_reference,20260919,44,mae,0.0
correction,centered045_reference,centered045_reference,20260919,44,rmse,0.0
correction,centered045_reference,centered045_reference,20260919,44,prefix50,0.0
correction,rho010,centered045_reference,20260919,44,mae,-0.012934971687453611
correction,rho010,centered045_reference,20260919,44,rmse,0.8357179373737935
correction,rho010,centered045_reference,20260919,44,prefix50,-2.0342132758919433
correction,rho025,centered045_reference,20260919,44,mae,-0.29478426323726126
correction,rho025,centered045_reference,20260919,44,rmse,0.05062885547810225
correction,rho025,centered045_reference,20260919,44,prefix50,-6.545050974617737
correction,uncentered045,centered045_reference,20260919,44,mae,-0.3332034037144851
correction,uncentered045,centered045_reference,20260919,44,rmse,-0.7501732425824557
correction,uncentered045,centered045_reference,20260919,44,prefix50,-7.070417788354348
correction,centered045_reference,centered045_reference,20260920,42,mae,0.0
correction,centered045_reference,centered045_reference,20260920,42,rmse,0.0
correction,centered045_reference,centered045_reference,20260920,42,prefix50,0.0
correction,rho010,centered045_reference,20260920,42,mae,0.3172417140174204
correction,rho010,centered045_reference,20260920,42,rmse,1.4922557344823133
correction,rho010,centered045_reference,20260920,42,prefix50,-0.6263741061405597
correction,rho025,centered045_reference,20260920,42,mae,0.0824820270983011
correction,rho025,centered045_reference,20260920,42,rmse,0.7423618144179187
correction,rho025,centered045_reference,20260920,42,prefix50,-1.43784259722716
correction,uncentered045,centered045_reference,20260920,42,mae,0.32335540060645585
correction,uncentered045,centered045_reference,20260920,42,rmse,0.28513453047104065
correction,uncentered045,centered045_reference,20260920,42,prefix50,-5.997606495997985
correction,centered045_reference,centered045_reference,20260920,43,mae,0.0
correction,centered045_reference,centered045_reference,20260920,43,rmse,0.0
correction,centered045_reference,centered045_reference,20260920,43,prefix50,0.0
correction,rho010,centered045_reference,20260920,43,mae,0.3548620234762687
correction,rho010,centered045_reference,20260920,43,rmse,1.5358813913251979
correction,rho010,centered045_reference,20260920,43,prefix50,3.8761208013696944
correction,rho025,centered045_reference,20260920,43,mae,0.032703358223407974
correction,rho025,centered045_reference,20260920,43,rmse,0.3523342934994247
correction,rho025,centered045_reference,20260920,43,prefix50,1.9702796315403646
correction,uncentered045,centered045_reference,20260920,43,mae,0.013749362090113237
correction,uncentered045,centered045_reference,20260920,43,rmse,-0.03200360889916709
correction,uncentered045,centered045_reference,20260920,43,prefix50,-0.005456771903055824
correction,centered045_reference,centered045_reference,20260920,44,mae,0.0
correction,centered045_reference,centered045_reference,20260920,44,rmse,0.0
correction,centered045_reference,centered045_reference,20260920,44,prefix50,0.0
correction,rho010,centered045_reference,20260920,44,mae,0.29116782716434386
correction,rho010,centered045_reference,20260920,44,rmse,1.253867871509705
correction,rho010,centered045_reference,20260920,44,prefix50,1.5085144348913673
correction,rho025,centered045_reference,20260920,44,mae,0.42897969092989996
correction,rho025,centered045_reference,20260920,44,rmse,1.4648827340103807
correction,rho025,centered045_reference,20260920,44,prefix50,3.6377990859894567
correction,uncentered045,centered045_reference,20260920,44,mae,-0.06065529506535583
correction,uncentered045,centered045_reference,20260920,44,rmse,0.3061480505516059
correction,uncentered045,centered045_reference,20260920,44,prefix50,0.9255554503415624
correction,centered045_reference,centered045_reference,20260921,42,mae,0.0
correction,centered045_reference,centered045_reference,20260921,42,rmse,0.0
correction,centered045_reference,centered045_reference,20260921,42,prefix50,0.0
correction,rho010,centered045_reference,20260921,42,mae,0.177041300673757
correction,rho010,centered045_reference,20260921,42,rmse,1.0669867871207188
correction,rho010,centered045_reference,20260921,42,prefix50,0.7433132766912252
correction,rho025,centered045_reference,20260921,42,mae,0.02892746370045174
correction,rho025,centered045_reference,20260921,42,rmse,0.4849665171020021
correction,rho025,centered045_reference,20260921,42,prefix50,-1.3195763844945532
correction,uncentered045,centered045_reference,20260921,42,mae,0.05229850161926919
correction,uncentered045,centered045_reference,20260921,42,rmse,0.15052896094179857
correction,uncentered045,centered045_reference,20260921,42,prefix50,3.430599947351567
correction,centered045_reference,centered045_reference,20260921,43,mae,0.0
correction,centered045_reference,centered045_reference,20260921,43,rmse,0.0
correction,centered045_reference,centered045_reference,20260921,43,prefix50,0.0
correction,rho010,centered045_reference,20260921,43,mae,0.38483877249959164
correction,rho010,centered045_reference,20260921,43,rmse,1.4228335321782666
correction,rho010,centered045_reference,20260921,43,prefix50,2.1605776171417688
correction,rho025,centered045_reference,20260921,43,mae,0.21848667535421384
correction,rho025,centered045_reference,20260921,43,rmse,0.9069401374846251
correction,rho025,centered045_reference,20260921,43,prefix50,-1.3615128393024634
correction,uncentered045,centered045_reference,20260921,43,mae,0.1964146490781431
correction,uncentered045,centered045_reference,20260921,43,rmse,0.5388270441195075
correction,uncentered045,centered045_reference,20260921,43,prefix50,-3.006608198150161
correction,centered045_reference,centered045_reference,20260921,44,mae,0.0
correction,centered045_reference,centered045_reference,20260921,44,rmse,0.0
correction,centered045_reference,centered045_reference,20260921,44,prefix50,0.0
correction,rho010,centered045_reference,20260921,44,mae,0.06902477386393002
correction,rho010,centered045_reference,20260921,44,rmse,0.5314674252611411
correction,rho010,centered045_reference,20260921,44,prefix50,-3.9982561566871198
correction,rho025,centered045_reference,20260921,44,mae,-0.01629045680848762
correction,rho025,centered045_reference,20260921,44,rmse,0.459961406560474
correction,rho025,centered045_reference,20260921,44,prefix50,-4.910924918492043
correction,uncentered045,centered045_reference,20260921,44,mae,-0.13173833202963436
correction,uncentered045,centered045_reference,20260921,44,rmse,0.06618498683412355
correction,uncentered045,centered045_reference,20260921,44,prefix50,0.6410045995284008
