condition,initialization_repeat,mae,mask_seed,panel,prefix50,rmse,seed,tail_mae
ours,1,28.44023270340892,20260919,calendar_correction,141.90347745110418,55.03782282841349,42,
ours,2,28.52431882582008,20260919,calendar_correction,141.20294014365163,54.753418850349384,43,
ours,3,29.16375245050429,20260919,calendar_correction,149.68961111369427,55.77245884112631,44,
ours,1,28.749255732340774,20260920,calendar_correction,154.73144474387934,55.02694571533052,42,
ours,2,28.550403133208157,20260920,calendar_correction,139.84364675798076,54.606476160251006,43,
ours,3,28.474872228576448,20260920,calendar_correction,145.1269557919664,54.58612252655906,44,
ours,1,28.491969020982456,20260921,calendar_correction,142.65599749483832,54.874983306604804,42,
ours,2,28.475789889262952,20260921,calendar_correction,143.23391389671977,54.47475916824274,43,
ours,3,28.822668792526947,20260921,calendar_correction,148.98529571529707,55.237185741302554,44,
no_deviation,1,28.83427774301788,20260919,calendar_correction,144.1274502384455,56.28359194466396,42,
no_deviation,2,29.025102365051595,20260919,calendar_correction,143.37756457140858,56.70846412997292,43,
no_deviation,3,29.172763551065017,20260919,calendar_correction,146.47026296540426,56.81415880020705,44,
no_deviation,1,29.297477895626557,20260920,calendar_correction,158.33721482305762,56.724364800353214,42,
no_deviation,2,29.05576074788639,20260920,calendar_correction,147.56864108086506,56.558184802957314,43,
no_deviation,3,29.058431812469685,20260920,calendar_correction,152.8619335884353,56.56869782148117,44,
no_deviation,1,28.84218857501596,20260921,calendar_correction,146.73700136399728,56.442629860540414,42,
no_deviation,2,29.01856115413271,20260921,calendar_correction,147.79387087564092,56.48752921782536,43,
no_deviation,3,29.03623307629335,20260921,calendar_correction,145.64757666338704,56.38619827374435,44,
no_time,1,28.650115233343424,20260919,calendar_correction,151.31124180025404,55.974142466031,42,
no_time,2,28.436165095432955,20260919,calendar_correction,146.95736920910073,55.32913240063138,43,
no_time,3,28.67626452480504,20260919,calendar_correction,147.02167002374594,55.40998276242112,44,
no_time,1,28.6328877950526,20260920,calendar_correction,157.2950121440765,55.566975910869104,42,
no_time,2,28.548476706316023,20260920,calendar_correction,156.9387832618874,55.292786874813046,43,
no_time,3,28.54362575019676,20260920,calendar_correction,152.96608014635598,55.10128429240806,44,
no_time,1,28.374767917687855,20260921,calendar_correction,150.07744353501542,55.248645393090925,42,
no_time,2,28.39909429259877,20260921,calendar_correction,148.8470619242744,55.27473690150242,43,
no_time,3,28.871531636001567,20260921,calendar_correction,158.72342432976643,55.626386337279705,44,
shuffle_time,1,28.98393068236948,20260919,calendar_correction,149.69326066009285,55.99851486672063,42,
shuffle_time,2,28.9093733784438,20260919,calendar_correction,151.34007507284008,55.92859120924823,43,
shuffle_time,3,29.204558334411473,20260919,calendar_correction,152.07661942535316,56.06206364813956,44,
shuffle_time,1,29.00293976089494,20260920,calendar_correction,153.45090991351498,55.66122696639997,42,
shuffle_time,2,28.741970645865617,20260920,calendar_correction,153.2645677659186,55.07415436908282,43,
shuffle_time,3,29.258178266940487,20260920,calendar_correction,155.12371097979033,56.115564977077234,44,
shuffle_time,1,28.979501785357037,20260921,calendar_correction,149.49608111184853,55.87562125664512,42,
shuffle_time,2,28.89079794378976,20260921,calendar_correction,152.51753747976778,55.758886641718185,43,
shuffle_time,3,29.115856222564666,20260921,calendar_correction,155.79170577620062,56.20455330331597,44,
centered045_reference,1,28.44023270340892,20260919,correction_parameterization,141.90347745110418,55.03782282841349,42,
centered045_reference,2,28.52431882582008,20260919,correction_parameterization,141.20294014365163,54.753418850349384,43,
centered045_reference,3,29.16375245050429,20260919,correction_parameterization,149.68961111369427,55.77245884112631,44,
centered045_reference,1,28.749255732340774,20260920,correction_parameterization,154.73144474387934,55.02694571533052,42,
centered045_reference,2,28.550403133208157,20260920,correction_parameterization,139.84364675798076,54.606476160251006,43,
centered045_reference,3,28.474872228576448,20260920,correction_parameterization,145.1269557919664,54.58612252655906,44,
centered045_reference,1,28.491969020982456,20260921,correction_parameterization,142.65599749483832,54.874983306604804,42,
centered045_reference,2,28.475789889262952,20260921,correction_parameterization,143.23391389671977,54.47475916824274,43,
centered045_reference,3,28.822668792526947,20260921,correction_parameterization,148.98529571529707,55.237185741302554,44,
rho010,1,28.53335228754559,20260919,correction_parameterization,140.9960788736422,55.669094630281904,42,
rho010,2,28.79751023572126,20260919,correction_parameterization,141.17357293670054,56.17914600018105,43,
rho010,3,29.150817478816837,20260919,correction_parameterization,147.65539783780233,56.6081767785001,44,
rho010,1,29.066497446358195,20260920,correction_parameterization,154.10507063773878,56.51920144981283,42,
rho010,2,28.905265156684425,20260920,correction_parameterization,143.71976755935046,56.142357551576204,43,
rho010,3,28.766040055740792,20260920,correction_parameterization,146.63547022685776,55.839990398068764,44,
rho010,1,28.669010321656213,20260921,correction_parameterization,143.39931077152954,55.94197009372552,42,
rho010,2,28.860628661762544,20260921,correction_parameterization,145.39449151386154,55.89759270042101,43,
rho010,3,28.891693566390877,20260921,correction_parameterization,144.98703955860995,55.768653166563695,44,
rho025,1,28.43799230141426,20260919,correction_parameterization,139.54386839661217,55.3415689277512,42,
rho025,2,28.4482801389648,20260919,correction_parameterization,138.8799449320128,55.14515889189664,43,
rho025,3,28.86896818726703,20260919,correction_parameterization,143.14456013907653,55.82308769660441,44,
rho025,1,28.831737759439076,20260920,correction_parameterization,153.29360214665218,55.76930752974844,42,
rho025,2,28.583106491431565,20260920,correction_parameterization,141.81392638952113,54.95881045375043,43,
rho025,3,28.903851919506348,20260920,correction_parameterization,148.76475487795585,56.05100526056944,44,
rho025,1,28.520896484682908,20260921,correction_parameterization,141.33642111034376,55.359949823706806,42,
rho025,2,28.694276564617166,20260921,correction_parameterization,141.8724010574173,55.381699305727366,43,
rho025,3,28.80637833571846,20260921,correction_parameterization,144.07437079680503,55.69714714786303,44,
uncentered045,1,28.533940703381102,20260919,correction_parameterization,142.96373695326332,55.18598501675155,42,
uncentered045,2,28.36236820427523,20260919,correction_parameterization,139.35721581229149,54.938300998954404,43,
uncentered045,3,28.830549046789805,20260919,correction_parameterization,142.61919332533992,55.02228559854385,44,
uncentered045,1,29.07261113294723,20260920,correction_parameterization,148.73383824788135,55.31208024580156,42,
uncentered045,2,28.56415249529827,20260920,correction_parameterization,139.8381899860777,54.57447255135184,43,
uncentered045,3,28.414216933511092,20260920,correction_parameterization,146.05251124230796,54.892270577110665,44,
uncentered045,1,28.544267522601725,20260921,correction_parameterization,146.08659744218988,55.0255122675466,42,
uncentered045,2,28.672204538341095,20260921,correction_parameterization,140.2273056985696,55.01358621236225,43,
uncentered045,3,28.690930460497313,20260921,correction_parameterization,149.62630031482547,55.30337072813668,44,
legacy,1,19.513435142100587,,singapore_prefix,57.17819182415008,27.315727976152118,,94.5750557329484
legacy,2,19.577368168691155,,singapore_prefix,55.4149389333725,27.357269500111094,,92.57275820055138
legacy,3,19.46466712921305,,singapore_prefix,54.98846458683014,27.340321036613954,,92.05990388822279
fixed,1,19.3412551672618,,singapore_prefix,55.031944686317445,27.167801746565605,,93.29011711991271
fixed,2,19.568639430672714,,singapore_prefix,55.20770301399231,27.641608872627398,,103.15259306297081
fixed,3,19.424457172041894,,singapore_prefix,55.035892982292175,27.284543792128524,,93.30233250365266
no_prefix,1,19.36735978206933,,singapore_prefix,54.95601706295013,27.188940189367777,,92.45627011828543
no_prefix,2,19.624421740996183,,singapore_prefix,55.578263685798646,27.670929703255712,,99.65276195002248
no_prefix,3,19.479700037400146,,singapore_prefix,55.686123385620114,27.613204056008424,,100.58988560099205
fixed_direct,1,19.44084464104063,,singapore_prefix,55.159179154586795,27.55267290761882,,98.07257090408059
fixed_direct,2,19.63159198786991,,singapore_prefix,55.83377570037842,27.49231328350162,,95.68323258966265
fixed_direct,3,19.56151429539136,,singapore_prefix,55.69576241378784,27.66071645623442,,96.68817261893237
