budget,method,layout_repeat,mae_difference_from_direct_s
1,identity_mean,1,-1.7062056116715354
1,identity_mean,2,-1.5149449391858738
1,identity_mean,3,-1.84312153939333
1,nnls_ridge_tuned,1,-1.129922972152663
1,nnls_ridge_tuned,2,-0.8517581830308956
1,nnls_ridge_tuned,3,-1.1173898432344629
1,tree,1,-0.22982258577884807
1,tree,2,-0.9637960806666541
1,tree,3,-0.06713090487368589
1,ours,1,-0.387667837805985
1,ours,2,-0.8152992795888991
1,ours,3,-0.5340298295399322
1,blend,1,-1.1930421828979014
1,blend,2,-1.5827223915053423
1,blend,3,-1.4285784308005098
5,identity_mean,1,0.4093037915597115
5,identity_mean,2,0.6766009031228073
5,identity_mean,3,0.5170954850965863
5,nnls_ridge_tuned,1,0.8463602460785111
5,nnls_ridge_tuned,2,1.1128388195968313
5,nnls_ridge_tuned,3,0.9476071553017249
5,tree,1,0.5803571542747399
5,tree,2,0.6188992673665901
5,tree,3,0.0776053233489975
5,ours,1,-0.09925171691689272
5,ours,2,0.000475898002189723
5,ours,3,-0.12518917918851002
5,blend,1,-0.6484624144112665
5,blend,2,-0.6459759371912526
5,blend,3,-0.7285024082190219
10,identity_mean,1,1.2967036422071097
10,identity_mean,2,1.388653494465668
10,identity_mean,3,1.4318190941662579
10,nnls_ridge_tuned,1,1.6918019826322244
10,nnls_ridge_tuned,2,1.694181796805399
10,nnls_ridge_tuned,3,1.801801583078749
10,tree,1,0.7725460987246535
10,tree,2,0.6510216443804886
10,tree,3,0.3234011742990255
10,ours,1,0.30155674077948547
10,ours,2,0.2688499687176851
10,ours,3,0.315431083984425
10,blend,1,-0.32586089709657173
10,blend,2,-0.5392990012758645
10,blend,3,-0.3835428947893149
