case,development_row,interval,observed_seconds,ours_seconds,direct_seconds,ours_error_seconds,direct_error_seconds
median,660,1,26.0,30.439960479736328,36.46324920654297,4.439960479736328,10.463249206542969
median,660,2,206.0,254.34681701660156,249.83372497558594,48.34681701660156,43.83372497558594
median,660,3,51.0,43.48284912109375,53.08405303955078,-7.51715087890625,2.0840530395507812
median,660,4,83.0,69.1300048828125,68.79087829589844,-13.8699951171875,-14.209121704101562
median,660,5,163.0,140.45654296875,133.43820190429688,-22.54345703125,-29.561798095703125
median,660,6,78.0,48.82249069213867,47.2601432800293,-29.177509307861328,-30.739856719970703
median,660,7,262.0,33.25749206542969,31.480722427368164,-228.7425079345703,-230.51927185058594
median,660,8,40.0,87.35163116455078,92.11933135986328,47.35163116455078,52.11933135986328
median,660,9,53.0,65.30738067626953,61.340660095214844,12.307380676269531,8.340660095214844
median,660,10,94.0,104.99598693847656,109.94864654541016,10.995986938476562,15.948646545410156
median,660,11,55.0,59.67167282104492,66.19072723388672,4.671672821044922,11.190727233886719
median,660,12,49.0,61.16900634765625,60.85320281982422,12.16900634765625,11.853202819824219
median,660,13,34.0,53.16486358642578,48.437198638916016,19.16486358642578,14.437198638916016
median,660,14,137.0,112.25460052490234,87.23201751708984,-24.745399475097656,-49.767982482910156
median,660,15,56.0,81.87980651855469,75.7257080078125,25.879806518554688,19.7257080078125
median,660,16,87.0,76.41203308105469,80.92979431152344,-10.587966918945312,-6.0702056884765625
median,660,17,52.0,116.76203918457031,105.30883026123047,64.76203918457031,53.30883026123047
median,660,18,36.0,81.75916290283203,75.3330307006836,45.75916290283203,39.333030700683594
median,660,19,83.0,54.54945755004883,58.91509246826172,-28.450542449951172,-24.08490753173828
median,660,20,51.0,37.58887481689453,42.34088897705078,-13.411125183105469,-8.659111022949219
median,660,21,81.0,93.49198913574219,93.433349609375,12.491989135742188,12.433349609375
median,660,22,118.0,118.26815795898438,112.67499542236328,0.268157958984375,-5.325004577636719
median,660,23,42.0,75.53353118896484,81.2620849609375,33.533531188964844,39.2620849609375
median,660,24,71.0,143.71339416503906,140.18399047851562,72.71339416503906,69.18399047851562
median,660,25,67.0,114.7554931640625,128.85227966308594,47.7554931640625,61.85227966308594
median,660,26,164.0,130.79095458984375,120.93486022949219,-33.20904541015625,-43.06513977050781
median,660,27,11.0,15.742473602294922,20.825809478759766,4.742473602294922,9.825809478759766
median,660,28,53.0,54.44878005981445,56.23351287841797,1.4487800598144531,3.2335128784179688
median,660,29,8.0,16.66688346862793,17.070581436157227,8.66688346862793,9.070581436157227
median,660,30,171.0,178.38885498046875,169.65692138671875,7.38885498046875,-1.34307861328125
median,660,31,60.0,83.7254638671875,79.09600830078125,23.7254638671875,19.09600830078125
median,660,32,74.0,62.73210144042969,71.07018280029297,-11.267898559570312,-2.9298171997070312
median,660,33,139.0,104.8322982788086,109.78153228759766,-34.167701721191406,-29.218467712402344
median,660,34,57.0,49.55043029785156,57.30085754394531,-7.4495697021484375,0.3008575439453125
median,660,35,102.0,117.56192779541016,117.31954956054688,15.561927795410156,15.319549560546875
median,660,36,34.0,49.4141731262207,67.40221405029297,15.414173126220703,33.40221405029297
median,660,37,165.0,95.42655944824219,85.00764465332031,-69.57344055175781,-79.99235534667969
median,660,38,43.0,65.14118957519531,67.08737182617188,22.141189575195312,24.087371826171875
median,660,39,38.0,35.31087112426758,39.00517272949219,-2.689128875732422,1.0051727294921875
median,660,40,164.0,173.4805145263672,162.94989013671875,9.480514526367188,-1.05010986328125
median,660,41,35.0,35.746055603027344,36.98747253417969,0.7460556030273438,1.9874725341796875
median,660,42,85.0,74.76048278808594,81.16058349609375,-10.239517211914062,-3.83941650390625
median,660,43,48.0,46.149539947509766,47.47251892089844,-1.8504600524902344,-0.5274810791015625
median,660,44,83.0,60.56547546386719,61.20465087890625,-22.434524536132812,-21.79534912109375
90th percentile,1125,1,50.0,46.43807601928711,61.185462951660156,-3.5619239807128906,11.185462951660156
90th percentile,1125,2,238.0,319.6817932128906,340.7660827636719,81.68179321289062,102.76608276367188
90th percentile,1125,3,44.0,59.498023986816406,62.24571228027344,15.498023986816406,18.245712280273438
90th percentile,1125,4,32.0,66.75040435791016,54.67658996582031,34.750404357910156,22.676589965820312
90th percentile,1125,5,41.0,53.374610900878906,45.698368072509766,12.374610900878906,4.698368072509766
90th percentile,1125,6,35.0,44.716068267822266,40.465938568115234,9.716068267822266,5.465938568115234
90th percentile,1125,7,43.0,94.67637634277344,106.293212890625,51.67637634277344,63.293212890625
90th percentile,1125,8,55.0,76.39988708496094,60.76093292236328,21.399887084960938,5.760932922363281
90th percentile,1125,9,95.0,124.37299346923828,143.11508178710938,29.37299346923828,48.115081787109375
90th percentile,1125,10,49.0,62.836795806884766,60.32554244995117,13.836795806884766,11.325542449951172
90th percentile,1125,11,32.0,66.18905639648438,58.797542572021484,34.189056396484375,26.797542572021484
90th percentile,1125,12,58.0,50.47878646850586,52.72820281982422,-7.521213531494141,-5.271797180175781
90th percentile,1125,13,73.0,75.44868469238281,60.121238708496094,2.4486846923828125,-12.878761291503906
90th percentile,1125,14,425.0,133.03282165527344,170.03436279296875,-291.9671630859375,-254.96563720703125
90th percentile,1125,15,30.0,47.21767807006836,45.18364334106445,17.21767807006836,15.183643341064453
90th percentile,1125,16,61.0,143.6868896484375,132.47462463378906,82.6868896484375,71.47462463378906
90th percentile,1125,17,92.0,115.78663635253906,134.7566375732422,23.786636352539062,42.75663757324219
90th percentile,1125,18,180.0,104.60616302490234,124.21990203857422,-75.39383697509766,-55.78009796142578
90th percentile,1125,19,118.0,157.4717559814453,162.01853942871094,39.47175598144531,44.01853942871094
90th percentile,1125,20,36.0,63.48761749267578,68.01107788085938,27.48761749267578,32.011077880859375
90th percentile,1125,21,672.0,647.0748291015625,606.3126220703125,-24.9251708984375,-65.6873779296875
90th percentile,1125,22,9.0,29.22040367126465,25.185131072998047,20.22040367126465,16.185131072998047
90th percentile,1125,23,53.0,60.989871978759766,66.76331329345703,7.989871978759766,13.763313293457031
90th percentile,1125,24,66.0,22.139671325683594,23.52398109436035,-43.860328674316406,-42.47602081298828
90th percentile,1125,25,343.0,310.1255798339844,282.9540710449219,-32.874420166015625,-60.045928955078125
90th percentile,1125,26,335.0,428.9825134277344,414.4870910644531,93.98251342773438,79.48709106445312
90th percentile,1125,27,103.0,159.37313842773438,135.08615112304688,56.373138427734375,32.086151123046875
90th percentile,1125,28,143.0,124.1500244140625,131.30311584472656,-18.8499755859375,-11.696884155273438
90th percentile,1125,29,28.0,54.77458190917969,57.303855895996094,26.774581909179688,29.303855895996094
90th percentile,1125,30,60.0,90.93769836425781,83.75456237792969,30.937698364257812,23.754562377929688
90th percentile,1125,31,114.0,59.97514724731445,63.17464065551758,-54.02485275268555,-50.82535934448242
90th percentile,1125,32,149.0,147.65670776367188,172.37107849121094,-1.343292236328125,23.371078491210938
90th percentile,1125,33,494.0,221.06141662597656,220.5384979248047,-272.9385986328125,-273.46148681640625
90th percentile,1125,34,69.0,66.4028549194336,66.9563217163086,-2.5971450805664062,-2.0436782836914062
90th percentile,1125,35,36.0,84.84478759765625,89.94357299804688,48.84478759765625,53.943572998046875
90th percentile,1125,36,58.0,103.25216674804688,101.18132019042969,45.252166748046875,43.18132019042969
90th percentile,1125,37,43.0,77.11231231689453,70.40157318115234,34.11231231689453,27.401573181152344
90th percentile,1125,38,82.0,67.56520080566406,73.6710205078125,-14.434799194335938,-8.3289794921875
90th percentile,1125,39,62.0,63.476505279541016,64.1723861694336,1.4765052795410156,2.1723861694335938
90th percentile,1125,40,91.0,71.73351287841797,64.03700256347656,-19.26648712158203,-26.962997436523438
