best_step,initialization_repeat,macro_normalized_l1,mae,mask_repeat,mask_seed,method,new_training_run,observed_total_max_residual,panel,path,prefix50,rmse,seed,segments,status,tail_mae,tail_n,top10_mae,trips,true_total_max_residual,wape
192,1,0.30205074302282287,28.44023270340892,1,20260919,ours,False,0.000446319580078125,calendar_correction,results/thesis_final_protocol_20260926/f0.1_m20260919/ours/s42,141.90347745110418,55.03782282841349,42,87715,pass,165.64735786726317,2871,85.18376887421316,2182,0.000446319580078125,0.30667184600921765
192,1,0.30633763831749006,28.83427774301788,1,20260919,no_deviation,False,0.00063323974609375,calendar_correction,results/teacher_revision_20260930/ablation/f0.1_m20260919/no_deviation/s42,144.1274502384455,56.28359194466396,42,87715,pass,174.3196899270563,2871,87.97455817296863,2182,0.00063323974609375,0.3109208449878079
168,1,0.3042853736918643,28.650115233343424,1,20260919,no_time,False,0.000492095947265625,calendar_correction,results/teacher_revision_20260930/ablation/f0.1_m20260919/no_time/s42,151.31124180025404,55.974142466031,42,87715,pass,175.28527594459717,2871,88.5609685688304,2182,0.000492095947265625,0.30893501535706847
240,1,0.30779505716992756,28.98393068236948,1,20260919,shuffle_time,False,0.00052642822265625,calendar_correction,results/teacher_revision_20260930/ablation/f0.1_m20260919/shuffle_time/s42,149.69326066009285,55.99851486672063,42,87715,pass,170.73699266459624,2871,86.03386903313277,2182,0.00052642822265625,0.3125345569306839
120,2,0.30328935459107204,28.52431882582008,1,20260919,ours,False,0.0005340576171875,calendar_correction,results/thesis_final_protocol_20260926/f0.1_m20260919/ours/s43,141.20294014365163,54.753418850349384,43,87715,pass,164.1161644449636,2871,83.41921303066904,2182,0.0005340576171875,0.3075785490820268
240,2,0.3086716567323061,29.025102365051595,1,20260919,no_deviation,False,0.0005817413330078125,calendar_correction,results/teacher_revision_20260930/ablation/f0.1_m20260919/no_deviation/s43,143.37756457140858,56.70846412997292,43,87715,pass,168.84309285196102,2871,88.32153349847385,2182,0.0005817413330078125,0.31297851236744495
168,2,0.30191921054746484,28.436165095432955,1,20260919,no_time,False,0.00048828125,calendar_correction,results/teacher_revision_20260930/ablation/f0.1_m20260919/no_time/s43,146.95736920910073,55.32913240063138,43,87715,pass,167.90166651700193,2871,85.25344234700668,2182,0.00048828125,0.3066279848755961
240,2,0.30708278656815025,28.9093733784438,1,20260919,shuffle_time,False,0.000560760498046875,calendar_correction,results/teacher_revision_20260930/ablation/f0.1_m20260919/shuffle_time/s43,151.34007507284008,55.92859120924823,43,87715,pass,169.07743474275384,2871,85.90378805743842,2182,0.000560760498046875,0.3117306033812595
144,3,0.3103925483681891,29.16375245050429,1,20260919,ours,False,0.0005950927734375,calendar_correction,results/thesis_final_protocol_20260926/f0.1_m20260919/ours/s44,149.68961111369427,55.77245884112631,44,87715,pass,163.7859278572266,2871,85.83434225675555,2182,0.0005950927734375,0.3144735802207406
168,3,0.3103970268567022,29.172763551065017,1,20260919,no_deviation,False,0.0005817413330078125,calendar_correction,results/teacher_revision_20260930/ablation/f0.1_m20260919/no_deviation/s44,146.47026296540426,56.81415880020705,44,87715,pass,167.7244830192983,2871,87.76502725149689,2182,0.0005817413330078125,0.3145707471768746
120,3,0.30453614389904554,28.67626452480504,1,20260919,no_time,False,0.000606536865234375,calendar_correction,results/teacher_revision_20260930/ablation/f0.1_m20260919/no_time/s44,147.02167002374594,55.40998276242112,44,87715,pass,165.20115980774798,2871,85.9967954532334,2182,0.000606536865234375,0.3092169839178744
144,3,0.31030425426952973,29.204558334411473,1,20260919,shuffle_time,False,0.000640869140625,calendar_correction,results/teacher_revision_20260930/ablation/f0.1_m20260919/shuffle_time/s44,152.07661942535316,56.06206364813956,44,87715,pass,166.378714365147,2871,86.89273014216155,2182,0.000640869140625,0.31491359123880636
240,1,0.3059903599679914,28.749255732340774,2,20260920,ours,False,0.00058746337890625,calendar_correction,results/thesis_final_protocol_20260926/f0.1_m20260920/ours/s42,154.73144474387934,55.02694571533052,42,87715,pass,161.03833826889522,2871,84.25083437049555,2182,0.00058746337890625,0.3100040502049496
240,1,0.3119392657815071,29.297477895626557,2,20260920,no_deviation,True,0.00057220458984375,calendar_correction,results/submission_ablation_extension_20261002/ablation/f0.1_m20260920/no_deviation/s42,158.33721482305762,56.724364800353214,42,87715,pass,169.84667693509826,2871,89.18125633497469,2182,0.00057220458984375,0.31591554553592366
168,1,0.304437290129503,28.6328877950526,2,20260920,no_time,True,0.0004730224609375,calendar_correction,results/submission_ablation_extension_20261002/ablation/f0.1_m20260920/no_time/s42,157.2950121440765,55.566975910869104,42,87715,pass,170.58170682933013,2871,86.80625990286754,2182,0.0004730224609375,0.3087492513952278
144,1,0.30846188977403727,29.00293976089494,2,20260920,shuffle_time,True,0.00060272216796875,calendar_correction,results/submission_ablation_extension_20261002/ablation/f0.1_m20260920/shuffle_time/s42,153.45090991351498,55.66122696639997,42,87715,pass,167.2777472462483,2871,85.49096698888864,2182,0.00060272216796875,0.31273953237034113
192,2,0.3040991059141609,28.550403133208157,2,20260920,ours,False,0.000621795654296875,calendar_correction,results/thesis_final_protocol_20260926/f0.1_m20260920/ours/s43,139.84364675798076,54.606476160251006,43,87715,pass,155.73082173140529,2871,83.28640045443413,2182,0.000621795654296875,0.3078598169177015
240,2,0.30963935663496134,29.05576074788639,2,20260920,no_deviation,True,0.00048828125,calendar_correction,results/submission_ablation_extension_20261002/ablation/f0.1_m20260920/no_deviation/s43,147.56864108086506,56.558184802957314,43,87715,pass,162.67042583225083,2871,86.77416319318381,2182,0.00048828125,0.3133091025900234
192,2,0.303790136103973,28.548476706316023,2,20260920,no_time,True,0.000598907470703125,calendar_correction,results/submission_ablation_extension_20261002/ablation/f0.1_m20260920/no_time/s43,156.9387832618874,55.292786874813046,43,87715,pass,161.70208087743097,2871,84.37381631075075,2182,0.000598907470703125,0.307839044201199
168,2,0.3057608430427305,28.741970645865617,2,20260920,shuffle_time,True,0.0005245208740234375,calendar_correction,results/submission_ablation_extension_20261002/ablation/f0.1_m20260920/shuffle_time/s43,153.2645677659186,55.07415436908282,43,87715,pass,163.6089666799069,2871,85.24841381169398,2182,0.0005245208740234375,0.30992549490826926
168,3,0.3031177254416725,28.474872228576448,2,20260920,ours,False,0.00061798095703125,calendar_correction,results/thesis_final_protocol_20260926/f0.1_m20260920/ours/s44,145.1269557919664,54.58612252655906,44,87715,pass,160.9026082861677,2871,82.94402406898094,2182,0.00061798095703125,0.30704536500390345
240,3,0.3095618717254935,29.058431812469685,2,20260920,no_deviation,True,0.000576019287109375,calendar_correction,results/submission_ablation_extension_20261002/ablation/f0.1_m20260920/no_deviation/s44,152.8619335884353,56.56869782148117,44,87715,pass,163.55315443814237,2871,86.89307835024617,2182,0.000576019287109375,0.3133379047561348
240,3,0.303540820966089,28.54362575019676,2,20260920,no_time,True,0.000446319580078125,calendar_correction,results/submission_ablation_extension_20261002/ablation/f0.1_m20260920/no_time/s44,152.96608014635598,55.10128429240806,44,87715,pass,164.98273880911057,2871,84.09767215152326,2182,0.000446319580078125,0.30778673620205155
240,3,0.3110846915265448,29.258178266940487,2,20260920,shuffle_time,True,0.000518798828125,calendar_correction,results/submission_ablation_extension_20261002/ablation/f0.1_m20260920/shuffle_time/s44,155.12371097979033,56.115564977077234,44,87715,pass,168.70780056920546,2871,85.6695131924547,2182,0.000518798828125,0.31549177651116495
168,1,0.3028418655659044,28.491969020982456,3,20260921,ours,False,0.0006122589111328125,calendar_correction,results/thesis_final_protocol_20260926/f0.1_m20260921/ours/s42,142.65599749483832,54.874983306604804,42,87715,pass,167.61512622381494,2871,85.22182181782794,2182,0.0006122589111328125,0.30722972020741623
240,1,0.3067379680040012,28.84218857501596,3,20260921,no_deviation,True,0.0005207061767578125,calendar_correction,results/submission_ablation_extension_20261002/ablation/f0.1_m20260921/no_deviation/s42,146.73700136399728,56.442629860540414,42,87715,pass,168.6269201582959,2871,87.62287208228581,2182,0.0005207061767578125,0.3110061477164326
240,1,0.30096367423710535,28.374767917687855,3,20260921,no_time,True,0.000469207763671875,calendar_correction,results/submission_ablation_extension_20261002/ablation/f0.1_m20260921/no_time/s42,150.07744353501542,55.248645393090925,42,87715,pass,170.3441389861816,2871,85.53185941588946,2182,0.000469207763671875,0.3059659373447196
192,1,0.30756595523792307,28.979501785357037,3,20260921,shuffle_time,True,0.00061798095703125,calendar_correction,results/submission_ablation_extension_20261002/ablation/f0.1_m20260921/shuffle_time/s42,149.49608111184853,55.87562125664512,42,87715,pass,173.67677330879417,2871,87.22286408440608,2182,0.00061798095703125,0.31248680000700624
192,2,0.3026453289894861,28.475789889262952,3,20260921,ours,False,0.0005016326904296875,calendar_correction,results/thesis_final_protocol_20260926/f0.1_m20260921/ours/s43,143.23391389671977,54.47475916824274,43,87715,pass,161.89642685259398,2871,84.06891828894062,2182,0.0005016326904296875,0.3070552601654401
240,2,0.30872265647407526,29.01856115413271,3,20260921,no_deviation,True,0.000476837158203125,calendar_correction,results/submission_ablation_extension_20261002/ablation/f0.1_m20260921/no_deviation/s43,147.79387087564092,56.48752921782536,43,87715,pass,166.21286929538132,2871,86.64295557527704,2182,0.000476837158203125,0.3129079783022511
168,2,0.30131106224056825,28.39909429259877,3,20260921,no_time,True,0.000446319580078125,calendar_correction,results/submission_ablation_extension_20261002/ablation/f0.1_m20260921/no_time/s43,148.8470619242744,55.27473690150242,43,87715,pass,167.31784401684013,2871,84.76690554173722,2182,0.000446319580078125,0.3062282493440075
192,2,0.3069250435794419,28.89079794378976,3,20260921,shuffle_time,True,0.00063323974609375,calendar_correction,results/submission_ablation_extension_20261002/ablation/f0.1_m20260921/shuffle_time/s43,152.51753747976778,55.758886641718185,43,87715,pass,165.36993774791412,2871,86.09181938230407,2182,0.00063323974609375,0.3115303039359215
216,3,0.3063972498318041,28.822668792526947,3,20260921,ours,False,0.00043487548828125,calendar_correction,results/thesis_final_protocol_20260926/f0.1_m20260921/ours/s44,148.98529571529707,55.237185741302554,44,87715,pass,163.94897016886011,2871,84.41565941175645,2182,0.00043487548828125,0.3107956653412695
240,3,0.30868848742976246,29.03623307629335,3,20260921,no_deviation,True,0.000659942626953125,calendar_correction,results/submission_ablation_extension_20261002/ablation/f0.1_m20260921/no_deviation/s44,145.64757666338704,56.38619827374435,44,87715,pass,171.8566850165962,2871,88.16622722231278,2182,0.000659942626953125,0.3130985351464251
216,3,0.3065177869380714,28.871531636001567,3,20260921,no_time,True,0.00060272216796875,calendar_correction,results/submission_ablation_extension_20261002/ablation/f0.1_m20260921/no_time/s44,158.72342432976643,55.626386337279705,44,87715,pass,171.9157015861264,2871,85.9570202808272,2182,0.00060272216796875,0.3113225547857369
216,3,0.30916295037021674,29.115856222564666,3,20260921,shuffle_time,True,0.00052642822265625,calendar_correction,results/submission_ablation_extension_20261002/ablation/f0.1_m20260921/shuffle_time/s44,155.79170577620062,56.20455330331597,44,87715,pass,172.04071551488693,2871,87.4875126683755,2182,0.00052642822265625,0.31395711381934716
