best_step,best_validation_mae,budget_percent,checkpoint_prediction_max_difference,checkpoint_validation_max_difference,fit_mask_sha256,fraction,initial_model_sha256,initialization_repeat,macro_normalized_l1,mae,mask_repeat,mask_seed,method,observed_total_max_residual,path,prefix50,result_sha256,rmse,seed,segments,source,status,tail_mae,tail_n,top10_mae,trips,true_total_max_residual,validation_mask_sha256,wape
,,1,,,,,,1,0.3317699322341131,31.10820704464838,1,20260919,identity_mean,1.8189894035458565e-12,,157.6248438292252,,58.521709886108546,,87715,/idas/users/chenyujie/cyj/paper小论文/overleaf_ieee_transactions_20260930_final/evidence/identity_mean_f0.01_m20260919.npz,,178.53335189846612,2871,93.81026109095006,2182,1.8189894035458565e-12,,0.33544068995173093
,,1,,,,,,1,0.3440991516438623,32.14308327512024,2,20260920,identity_mean,1.8189894035458565e-12,,164.7632736735078,,60.22481181676893,,87715,/idas/users/chenyujie/cyj/paper小论文/overleaf_ieee_transactions_20260930_final/evidence/identity_mean_f0.01_m20260920.npz,,172.24617844020256,2871,93.26592484136576,2182,1.8189894035458565e-12,,0.34659979006527614
,,1,,,,,,1,0.33370719201450383,31.24386712310902,3,20260921,identity_mean,1.8189894035458565e-12,,155.85674829360457,,58.96456710761821,,87715,/idas/users/chenyujie/cyj/paper小论文/overleaf_ieee_transactions_20260930_final/evidence/identity_mean_f0.01_m20260921.npz,,166.32153032401376,2871,91.63498376343816,2182,1.8189894035458565e-12,,0.3369035164737618
,,1,,,,,,1,0.33806760576478,31.684489684167254,1,20260919,nnls_ridge_tuned,1.8189894035458565e-12,,164.4575119051356,,60.27368852633272,,87715,/idas/users/chenyujie/cyj/BusSegPredicionV2/results/thesis_final_protocol_20260926/f0.01_m20260919/nnls_ridge_tuned/result.json,,178.86725449051116,2871,94.48045596667204,2182,1.8189894035458565e-12,,0.34165476220378854
,,1,,,,,,1,0.3513947957249242,32.80627003127522,2,20260920,nnls_ridge_tuned,1.8189894035458565e-12,,174.76756405797698,,61.80413970681745,,87715,/idas/users/chenyujie/cyj/BusSegPredicionV2/results/thesis_final_protocol_20260926/f0.01_m20260920/nnls_ridge_tuned/result.json,,171.05029549345062,2871,93.75580432177603,2182,1.8189894035458565e-12,,0.3537509519027999
,,1,,,,,,1,0.341624843137309,31.969598819267887,3,20260921,nnls_ridge_tuned,1.8189894035458565e-12,,162.04351400091153,,60.772097314442,,87715,/idas/users/chenyujie/cyj/BusSegPredicionV2/results/thesis_final_protocol_20260926/f0.01_m20260921/nnls_ridge_tuned/result.json,,166.61367281863312,2871,92.62859287593977,2182,1.8189894035458565e-12,,0.34472910219556097
,,1,,,,,,1,0.3507035592794943,32.96847525111002,1,20260919,direct_time,0.000431060791015625,,155.50523007538862,,61.11273272262899,42,87715,/idas/users/chenyujie/cyj/BusSegPredicionV2/results/thesis_final_protocol_20260926/f0.01_m20260919/direct_time/s42/result.json,,198.12370822272703,2871,103.03470027720947,2182,0.000431060791015625,,0.35550001544661214
,,1,,,,,,2,0.3518640590358577,32.96851512619946,1,20260919,direct_time,0.0005340576171875,,158.87449808278072,,59.5251130702877,43,87715,/idas/users/chenyujie/cyj/BusSegPredicionV2/results/thesis_final_protocol_20260926/f0.01_m20260919/direct_time/s43/result.json,,180.6479638258118,2871,96.33632734297723,2182,0.0005340576171875,,0.3555004454208468
,,1,,,,,,3,0.3472909076521077,32.64697008831487,1,20260919,direct_time,0.0004425048828125,,154.15531998222625,,59.89222012450597,44,87715,/idas/users/chenyujie/cyj/BusSegPredicionV2/results/thesis_final_protocol_20260926/f0.01_m20260919/direct_time/s44/result.json,,187.42886901358534,2871,96.35933596594792,2182,0.0004425048828125,,0.3520332160429609
,,1,,,,,,1,0.35958651835365685,33.65772214102472,2,20260920,direct_time,0.0004825592041015625,,182.9291096022105,,59.80025194334802,42,87715,/idas/users/chenyujie/cyj/BusSegPredicionV2/results/thesis_final_protocol_20260926/f0.01_m20260920/direct_time/s42/result.json,,170.15468442618578,2871,92.40655107876884,2182,0.0004825592041015625,,0.3629321844548818
,,1,,,,,,2,0.3634882819553954,34.15395379235262,2,20260920,direct_time,0.00063323974609375,,165.23692988518943,,61.26938541708885,43,87715,/idas/users/chenyujie/cyj/BusSegPredicionV2/results/thesis_final_protocol_20260926/f0.01_m20260920/direct_time/s43/result.json,,186.77449888005484,2871,95.62739836804457,2182,0.00063323974609375,,0.3682830646023107
,,1,,,,,,3,0.3581221154766898,33.467154209704724,2,20260920,direct_time,0.000507354736328125,,172.24770571003256,,60.408208632912086,44,87715,/idas/users/chenyujie/cyj/BusSegPredicionV2/results/thesis_final_protocol_20260926/f0.01_m20260920/direct_time/s44/result.json,,162.65512481179232,2871,89.18760359372104,2182,0.000507354736328125,,0.3608772849785826
,,1,,,,,,1,0.3483443033008108,32.73195460554961,3,20260921,direct_time,0.00049591064453125,,164.69967379819133,,59.67465133152517,42,87715,/idas/users/chenyujie/cyj/BusSegPredicionV2/results/thesis_final_protocol_20260926/f0.01_m20260921/direct_time/s42/result.json,,180.1169894592806,2871,95.33636110629416,2182,0.00049591064453125,,0.3529496065329535
,,1,,,,,,2,0.3596245859326572,33.731815496361094,3,20260921,direct_time,0.00063323974609375,,148.238348441207,,60.16210203450641,43,87715,/idas/users/chenyujie/cyj/BusSegPredicionV2/results/thesis_final_protocol_20260926/f0.01_m20260921/direct_time/s43/result.json,,185.29273604881635,2871,93.65824514155906,2182,0.00063323974609375,,0.3637311352333436
,,1,,,,,,3,0.35076238337051885,32.96636024305053,3,20260921,direct_time,0.00046539306640625,,186.4122256520251,,59.68646506231888,44,87715,/idas/users/chenyujie/cyj/BusSegPredicionV2/results/thesis_final_protocol_20260926/f0.01_m20260921/direct_time/s44/result.json,,183.82620095293183,2871,95.87282195501932,2182,0.00046539306640625,,0.35547720925396625
,,1,,,,,,1,0.35219901818318433,33.03789658215654,1,20260919,ours,0.000522613525390625,,148.75204701537282,,61.48763427408048,42,87715,/idas/users/chenyujie/cyj/BusSegPredicionV2/results/thesis_final_protocol_20260926/f0.01_m20260919/ours/s42/result.json,,197.48447478934474,2871,100.91777996045526,2182,0.000522613525390625,,0.35624858765298173
,,1,,,,,,2,0.35866321784416694,33.604906882287324,1,20260919,ours,0.00051116943359375,,167.96223669943734,,60.59705128754864,43,87715,/idas/users/chenyujie/cyj/BusSegPredicionV2/results/thesis_final_protocol_20260926/f0.01_m20260919/ours/s43/result.json,,184.97044501508915,2871,94.55186938678807,2182,0.00051116943359375,,0.36236267600312744
,,1,,,,,,3,0.3528725134834981,33.09838529985919,1,20260919,ours,0.000591278076171875,,160.72594986433944,,60.009916163424556,44,87715,/idas/users/chenyujie/cyj/BusSegPredicionV2/results/thesis_final_protocol_20260926/f0.01_m20260919/ours/s44/result.json,,176.70314999151546,2871,91.8961813993095,2182,0.000591278076171875,,0.3569008392331306
,,1,,,,,,1,0.3650840229529233,34.096890103074266,2,20260920,ours,0.000732421875,,184.1553957062397,,60.36691692399367,42,87715,/idas/users/chenyujie/cyj/BusSegPredicionV2/results/thesis_final_protocol_20260926/f0.01_m20260920/ours/s42/result.json,,175.26579491147925,2871,92.7999642661824,2182,0.000732421875,,0.36766774520202355
,,1,,,,,,2,0.3470208663927895,32.46702509222665,2,20260920,ours,0.0004329681396484375,,158.2349882720262,,58.827491438572544,43,87715,/idas/users/chenyujie/cyj/BusSegPredicionV2/results/thesis_final_protocol_20260926/f0.01_m20260920/ours/s43/result.json,,171.50472044604282,2871,90.19797013495742,2182,0.0004329681396484375,,0.3500928639823435
,,1,,,,,,3,0.35105088372792886,32.86734487648491,2,20260920,ours,0.000591278076171875,,153.96007939853547,,59.04190649400246,44,87715,/idas/users/chenyujie/cyj/BusSegPredicionV2/results/thesis_final_protocol_20260926/f0.01_m20260920/ours/s44/result.json,,176.1540052532859,2871,92.27975282733006,2182,0.000591278076171875,,0.35440952371269013
,,1,,,,,,1,0.3514306619754022,32.95134410354761,3,20260921,ours,0.00054931640625,,156.3993479613314,,59.62089278322547,42,87715,/idas/users/chenyujie/cyj/BusSegPredicionV2/results/thesis_final_protocol_20260926/f0.01_m20260921/ours/s42/result.json,,177.55410003197065,2871,92.64563098925177,2182,0.00054931640625,,0.35531528979046134
,,1,,,,,,2,0.35134976878423313,33.040118889938306,3,20260921,ours,0.0007266998291015625,,159.85639097885075,,60.528544162765776,43,87715,/idas/users/chenyujie/cyj/BusSegPredicionV2/results/thesis_final_protocol_20260926/f0.01_m20260921/ours/s43/result.json,,181.19857025013616,2871,94.34898540128931,2182,0.0007266998291015625,,0.3562725508616144
,,1,,,,,,3,0.3494965052732258,32.81355690908549,3,20260921,ours,0.000606536865234375,,158.1074871501171,,60.24022861804866,44,87715,/idas/users/chenyujie/cyj/BusSegPredicionV2/results/thesis_final_protocol_20260926/f0.01_m20260921/ours/s44/result.json,,178.08389516609216,2871,93.15643466971103,2182,0.000606536865234375,,0.3538295265154982
,,10,,,,,,1,0.316957973921092,29.768322094887928,1,20260919,identity_mean,1.8189894035458565e-12,,154.6660177628358,,56.593382556379574,,87715,/idas/users/chenyujie/cyj/paper小论文/overleaf_ieee_transactions_20260930_final/evidence/identity_mean_f0.1_m20260919.npz,,174.55304142655825,2871,88.5617485174768,2182,1.8189894035458565e-12,,0.32099267205862286
,,10,,,,,,1,0.3194803201175067,29.95832801420857,2,20260920,identity_mean,1.8189894035458565e-12,,156.8648197842047,,56.54536867291411,,87715,/idas/users/chenyujie/cyj/paper小论文/overleaf_ieee_transactions_20260930_final/evidence/identity_mean_f0.1_m20260920.npz,,169.34596586886101,2871,88.62993714344223,2182,1.8189894035458565e-12,,0.32304151134339276
,,10,,,,,,1,0.3177348361619895,29.83381327476132,3,20260921,identity_mean,1.8189894035458565e-12,,155.61603035639217,,57.43892067403662,,87715,/idas/users/chenyujie/cyj/paper小论文/overleaf_ieee_transactions_20260930_final/evidence/identity_mean_f0.1_m20260921.npz,,168.69426685218536,2871,88.42704690214443,2182,1.8189894035458565e-12,,0.32169886533202346
,,10,,,,,,1,0.32120965180956795,30.163420435313043,1,20260919,nnls_ridge_tuned,1.8189894035458565e-12,,160.58458974913762,,57.6759437270665,,87715,/idas/users/chenyujie/cyj/BusSegPredicionV2/results/thesis_final_protocol_20260926/f0.1_m20260919/nnls_ridge_tuned/result.json,,174.59368932206425,2871,89.01762896489214,2182,1.8189894035458565e-12,,0.3252530288101634
,,10,,,,,,1,0.32273263477750785,30.2638563165483,2,20260920,nnls_ridge_tuned,1.8189894035458565e-12,,164.027340290733,,56.91453858053902,,87715,/idas/users/chenyujie/cyj/BusSegPredicionV2/results/thesis_final_protocol_20260926/f0.1_m20260920/nnls_ridge_tuned/result.json,,169.2862143588171,2871,88.80250712181274,2182,1.8189894035458565e-12,,0.32633603180191756
,,10,,,,,,1,0.32170073714587294,30.20379576367381,3,20260921,nnls_ridge_tuned,1.8189894035458565e-12,,162.4517508852969,,58.110634821553504,,87715,/idas/users/chenyujie/cyj/BusSegPredicionV2/results/thesis_final_protocol_20260926/f0.1_m20260921/nnls_ridge_tuned/result.json,,168.7474331883404,2871,88.85484530827848,2182,1.8189894035458565e-12,,0.3256883971354069
,,10,,,,,,1,0.3039189696744868,28.597988999608184,1,20260919,direct_time,0.0004405975341796875,,148.54065520909813,,55.38639237758957,42,87715,/idas/users/chenyujie/cyj/BusSegPredicionV2/results/thesis_final_protocol_20260926/f0.1_m20260919/direct_time/s42/result.json,,166.22901516532033,2871,86.28880247506608,2182,0.0004405975341796875,,0.3083729366817003
,,10,,,,,,2,0.3000478811831835,28.21164092680533,1,20260919,direct_time,0.000507354736328125,,141.18788316684726,,53.889899800430925,43,87715,/idas/users/chenyujie/cyj/BusSegPredicionV2/results/thesis_final_protocol_20260926/f0.1_m20260919/direct_time/s43/result.json,,158.08939945469413,2871,84.24312929052124,2182,0.000507354736328125,,0.3042069343172277
,,10,,,,,,3,0.29993863793201975,28.231195599988094,1,20260919,direct_time,0.000614166259765625,,139.74998779847576,,53.63985332467569,44,87715,/idas/users/chenyujie/cyj/BusSegPredicionV2/results/thesis_final_protocol_20260926/f0.1_m20260919/direct_time/s44/result.json,,158.14928665280715,2871,82.34623897408873,2182,0.000614166259765625,,0.3044177929197434
,,10,,,,,,1,0.3047505511362617,28.624907129452218,2,20260920,direct_time,0.0005035400390625,,150.1246814386873,,54.830150157544786,42,87715,/idas/users/chenyujie/cyj/BusSegPredicionV2/results/thesis_final_protocol_20260926/f0.1_m20260920/direct_time/s42/result.json,,158.98562972913507,2871,85.47340388266065,2182,0.0005035400390625,,0.308663195648864
,,10,,,,,,2,0.3044012100332197,28.59863632348165,2,20260920,direct_time,0.00058746337890625,,138.93438510497046,,53.902041982857114,43,87715,/idas/users/chenyujie/cyj/BusSegPredicionV2/results/thesis_final_protocol_20260926/f0.1_m20260920/direct_time/s43/result.json,,153.14856452237683,2871,81.95041852747428,2182,0.00058746337890625,,0.30837991679361826
,,10,,,,,,3,0.3075757066273837,28.861459962768414,2,20260920,direct_time,0.0005655288696289062,,155.06682632998738,,56.209463742185214,44,87715,/idas/users/chenyujie/cyj/BusSegPredicionV2/results/thesis_final_protocol_20260926/f0.1_m20260920/direct_time/s44/result.json,,153.12474411665792,2871,85.28202988731302,2182,0.0005655288696289062,,0.31121395164401777
,,10,,,,,,1,0.3026996507555228,28.49603292995458,3,20260921,direct_time,0.0005474090576171875,,142.48972605566274,,54.35657598032536,42,87715,/idas/users/chenyujie/cyj/BusSegPredicionV2/results/thesis_final_protocol_20260926/f0.1_m20260921/direct_time/s42/result.json,,164.28477802761586,2871,84.40550431954362,2182,0.0005474090576171875,,0.3072735414545731
,,10,,,,,,2,0.30474246979547903,28.65238072107695,3,20260921,direct_time,0.00058746337890625,,144.2203822398164,,54.13721447014812,43,87715,/idas/users/chenyujie/cyj/BusSegPredicionV2/results/thesis_final_protocol_20260926/f0.1_m20260921/direct_time/s43/result.json,,163.6234146763912,2871,85.28987549914103,2182,0.00058746337890625,,0.30895944417636106
,,10,,,,,,3,0.30489375018913223,28.686919472349796,3,20260921,direct_time,0.0005702972412109375,,139.1892279754747,,54.876857386126986,44,87715,/idas/users/chenyujie/cyj/BusSegPredicionV2/results/thesis_final_protocol_20260926/f0.1_m20260921/direct_time/s44/result.json,,169.88545356931192,2871,86.91879051940352,2182,0.0005702972412109375,,0.30933187652324645
,,10,,,,,,1,0.30205074302282287,28.44023270340892,1,20260919,ours,0.000446319580078125,,141.90347745110418,,55.03782282841349,42,87715,/idas/users/chenyujie/cyj/BusSegPredicionV2/results/thesis_final_protocol_20260926/f0.1_m20260919/ours/s42/result.json,,165.64735786726317,2871,85.18376887421316,2182,0.000446319580078125,,0.30667184600921765
,,10,,,,,,2,0.30328935459107204,28.52431882582008,1,20260919,ours,0.0005340576171875,,141.20294014365163,,54.753418850349384,43,87715,/idas/users/chenyujie/cyj/BusSegPredicionV2/results/thesis_final_protocol_20260926/f0.1_m20260919/ours/s43/result.json,,164.1161644449636,2871,83.41921303066904,2182,0.0005340576171875,,0.3075785490820268
,,10,,,,,,3,0.3103925483681891,29.16375245050429,1,20260919,ours,0.0005950927734375,,149.68961111369427,,55.77245884112631,44,87715,/idas/users/chenyujie/cyj/BusSegPredicionV2/results/thesis_final_protocol_20260926/f0.1_m20260919/ours/s44/result.json,,163.7859278572266,2871,85.83434225675555,2182,0.0005950927734375,,0.3144735802207406
,,10,,,,,,1,0.3059903599679914,28.749255732340774,2,20260920,ours,0.00058746337890625,,154.73144474387934,,55.02694571533052,42,87715,/idas/users/chenyujie/cyj/BusSegPredicionV2/results/thesis_final_protocol_20260926/f0.1_m20260920/ours/s42/result.json,,161.03833826889522,2871,84.25083437049555,2182,0.00058746337890625,,0.3100040502049496
,,10,,,,,,2,0.3040991059141609,28.550403133208157,2,20260920,ours,0.000621795654296875,,139.84364675798076,,54.606476160251006,43,87715,/idas/users/chenyujie/cyj/BusSegPredicionV2/results/thesis_final_protocol_20260926/f0.1_m20260920/ours/s43/result.json,,155.73082173140529,2871,83.28640045443413,2182,0.000621795654296875,,0.3078598169177015
,,10,,,,,,3,0.3031177254416725,28.474872228576448,2,20260920,ours,0.00061798095703125,,145.1269557919664,,54.58612252655906,44,87715,/idas/users/chenyujie/cyj/BusSegPredicionV2/results/thesis_final_protocol_20260926/f0.1_m20260920/ours/s44/result.json,,160.9026082861677,2871,82.94402406898094,2182,0.00061798095703125,,0.30704536500390345
,,10,,,,,,1,0.3028418655659044,28.491969020982456,3,20260921,ours,0.0006122589111328125,,142.65599749483832,,54.874983306604804,42,87715,/idas/users/chenyujie/cyj/BusSegPredicionV2/results/thesis_final_protocol_20260926/f0.1_m20260921/ours/s42/result.json,,167.61512622381494,2871,85.22182181782794,2182,0.0006122589111328125,,0.30722972020741623
,,10,,,,,,2,0.3026453289894861,28.475789889262952,3,20260921,ours,0.0005016326904296875,,143.23391389671977,,54.47475916824274,43,87715,/idas/users/chenyujie/cyj/BusSegPredicionV2/results/thesis_final_protocol_20260926/f0.1_m20260921/ours/s43/result.json,,161.89642685259398,2871,84.06891828894062,2182,0.0005016326904296875,,0.3070552601654401
,,10,,,,,,3,0.3063972498318041,28.822668792526947,3,20260921,ours,0.00043487548828125,,148.98529571529707,,55.237185741302554,44,87715,/idas/users/chenyujie/cyj/BusSegPredicionV2/results/thesis_final_protocol_20260926/f0.1_m20260921/ours/s44/result.json,,163.94897016886011,2871,84.41565941175645,2182,0.00043487548828125,,0.3107956653412695
,28.986550617324884,5,0.0,0.0,00bef6b760dd8a151e397324520546b969cd5e7b27c74afa8a408da11ba65fec,0.05,,1,0.319144719563505,29.967747826412506,1,20260919,identity_mean,1.8189894035458565e-12,results/submission_revision_20261001/budget/f0.05_m20260919/identity_mean,153.3073899360028,bdf2d2647f64f32402f96a5f9004cad250835620157b08d1d6927daea41eda2b,56.97935883209174,,87715,/idas/users/chenyujie/cyj/BusSegPredicionV2/results/submission_revision_20261001/budget/f0.05_m20260919/identity_mean/result.json,pass,174.35820719595145,2871,89.76140085769792,2182,1.8189894035458565e-12,c7cbd1721d25711c2c2175ff84873657fcf5f19c4ca3af6c7d7776e9567caba3,0.3231430854489132
,28.83759419620016,5,0.0,0.0,4578ef56ef050e5c22ee509da0997a810d6e69c2f27a39ffc0886048a97c22c4,0.05,,1,0.31940731302731834,29.949095776125542,2,20260920,identity_mean,1.8189894035458565e-12,results/submission_revision_20261001/budget/f0.05_m20260920/identity_mean,158.98324950071458,b6308e3ff6e0d861f093de54ec96ae2254cc99bae838f526043b35e40ac8419d,56.86790109916169,,87715,/idas/users/chenyujie/cyj/BusSegPredicionV2/results/submission_revision_20261001/budget/f0.05_m20260920/identity_mean/result.json,pass,168.6081161897447,2871,89.21089966891236,2182,1.8189894035458565e-12,40f883e7c692fa7debd11557e3be49a11779796bf7afafbfbca86d83a813cba1,0.322941959855005
,29.532246545380154,5,0.0,0.0,70c7f03d2a470ba6738a8405cab0d65cb3090faf1e77a2fd4eb481b9d437c88a,0.05,,1,0.32016926184487393,30.05764417383332,3,20260921,identity_mean,9.094947017729282e-13,results/submission_revision_20261001/budget/f0.05_m20260921/identity_mean,155.91315299833124,35cab90001634a0c4037a2de61c8df1fd07be427681481221f53009415911857,57.059676539941144,,87715,/idas/users/chenyujie/cyj/BusSegPredicionV2/results/submission_revision_20261001/budget/f0.05_m20260921/identity_mean/result.json,pass,166.49757515869948,2871,87.96574725709664,2182,9.094947017729282e-13,f2ae99baa8e8d91080305fd892f97d4dca5e641c3c8135cc24f168bf604e6a77,0.32411244034486386
,29.156606112291197,5,0.0,0.0,00bef6b760dd8a151e397324520546b969cd5e7b27c74afa8a408da11ba65fec,0.05,,1,0.32384951295557135,30.404804280931305,1,20260919,nnls_ridge_tuned,9.094947017729282e-13,results/submission_revision_20261001/budget/f0.05_m20260919/nnls_ridge_tuned,159.11075761988488,9b7e0bd191e6fe399dda714194439235ed6b5f70c5c0c1505908b0aee3fe5062,58.184669063107066,,87715,/idas/users/chenyujie/cyj/BusSegPredicionV2/results/submission_revision_20261001/budget/f0.05_m20260919/nnls_ridge_tuned/result.json,pass,174.5065599924635,2871,90.2942892879144,2182,9.094947017729282e-13,c7cbd1721d25711c2c2175ff84873657fcf5f19c4ca3af6c7d7776e9567caba3,0.327855877749711
,29.0208149151858,5,0.0,0.0,4578ef56ef050e5c22ee509da0997a810d6e69c2f27a39ffc0886048a97c22c4,0.05,,1,0.3241038580548682,30.385333692599566,2,20260920,nnls_ridge_tuned,1.8189894035458565e-12,results/submission_revision_20261001/budget/f0.05_m20260920/nnls_ridge_tuned,166.46359642243627,936614d9a931de803e9fc9c61cb59b9f6f3cdcd8194ce80673dabe442f02afba,57.93143942857445,,87715,/idas/users/chenyujie/cyj/BusSegPredicionV2/results/submission_revision_20261001/budget/f0.05_m20260920/nnls_ridge_tuned/result.json,pass,168.90779495741404,2871,89.76104608597014,2182,1.8189894035458565e-12,40f883e7c692fa7debd11557e3be49a11779796bf7afafbfbca86d83a813cba1,0.32764592583655855
,29.493066560136715,5,0.0,0.0,70c7f03d2a470ba6738a8405cab0d65cb3090faf1e77a2fd4eb481b9d437c88a,0.05,,1,0.3248008132612246,30.48815584403846,3,20260921,nnls_ridge_tuned,1.8189894035458565e-12,results/submission_revision_20261001/budget/f0.05_m20260921/nnls_ridge_tuned,163.55240660175522,b374467639a006e0729e2966ac21f363a7c359f90923a2d00098a2c3140aef82,58.05574363802757,,87715,/idas/users/chenyujie/cyj/BusSegPredicionV2/results/submission_revision_20261001/budget/f0.05_m20260921/nnls_ridge_tuned/result.json,pass,166.61530176305234,2871,88.59742125239455,2182,1.8189894035458565e-12,f2ae99baa8e8d91080305fd892f97d4dca5e641c3c8135cc24f168bf604e6a77,0.3287546600484494
96,28.70952796936035,5,0.0,0.0,00bef6b760dd8a151e397324520546b969cd5e7b27c74afa8a408da11ba65fec,0.05,c790e4a1c9b6837fcb1534a9889d265235dcd813dd59d85d6a01fb7c9eff3c9e,1,0.31461001013776785,29.6040389737293,1,20260919,direct_time,0.000469207763671875,results/submission_revision_20261001/budget/f0.05_m20260919/direct_time/s42,143.02811322312743,c1e2b18627886bd5b5a18eaf0323e0140e5604cbd2d1d87a2857f538ed37a985,56.64964225610684,42,87715,/idas/users/chenyujie/cyj/BusSegPredicionV2/results/submission_revision_20261001/budget/f0.05_m20260919/direct_time/s42/result.json,pass,180.00246537865266,2871,90.38745234736835,2182,0.000469207763671875,c7cbd1721d25711c2c2175ff84873657fcf5f19c4ca3af6c7d7776e9567caba3,0.3192212024451611
144,28.774795532226562,5,0.0,0.0,00bef6b760dd8a151e397324520546b969cd5e7b27c74afa8a408da11ba65fec,0.05,3fb1d41e5d6ed635f5f615ed0c47b2e93df3e8b042bada3e6a1ed05198e68195,2,0.307410118610866,28.923528158042938,1,20260919,direct_time,0.000637054443359375,results/submission_revision_20261001/budget/f0.05_m20260919/direct_time/s43,144.02846798254305,ce437f3dc10ce03281bc73a62a7dd830f4e51fd83e59a9ea770ceb6b43f6f5bb,55.114763900524544,43,87715,/idas/users/chenyujie/cyj/BusSegPredicionV2/results/submission_revision_20261001/budget/f0.05_m20260919/direct_time/s43/result.json,pass,166.17616121763137,2871,84.91842927209737,2182,0.000637054443359375,c7cbd1721d25711c2c2175ff84873657fcf5f19c4ca3af6c7d7776e9567caba3,0.31188323477618485
96,29.08710289001465,5,0.0,0.0,00bef6b760dd8a151e397324520546b969cd5e7b27c74afa8a408da11ba65fec,0.05,b7810d1c4081649a2805b289660766f26f9941cc8b6482cc9a1d2635a5d5caef,3,0.3178813699995525,29.891597103220445,1,20260919,direct_time,0.000461578369140625,results/submission_revision_20261001/budget/f0.05_m20260919/direct_time/s44,152.42333184678438,590199199a65bc502c72237b9d3df286ae9cd9d42d7984d36f1727f36ebc7753,56.23925360581805,44,87715,/idas/users/chenyujie/cyj/BusSegPredicionV2/results/submission_revision_20261001/budget/f0.05_m20260919/direct_time/s44/result.json,pass,169.74808234065637,2871,89.34340982619113,2182,0.000461578369140625,c7cbd1721d25711c2c2175ff84873657fcf5f19c4ca3af6c7d7776e9567caba3,0.32232195001377845
168,28.28498649597168,5,0.0,0.0,4578ef56ef050e5c22ee509da0997a810d6e69c2f27a39ffc0886048a97c22c4,0.05,c790e4a1c9b6837fcb1534a9889d265235dcd813dd59d85d6a01fb7c9eff3c9e,1,0.310776853888667,29.212113406558554,2,20260920,direct_time,0.00046539306640625,results/submission_revision_20261001/budget/f0.05_m20260920/direct_time/s42,145.20972720206495,af26bbbea546f06484bf911c23dd64709f9e0e5afa01da701275a9c3c0de0e2b,54.958479590514315,42,87715,/idas/users/chenyujie/cyj/BusSegPredicionV2/results/submission_revision_20261001/budget/f0.05_m20260920/direct_time/s42/result.json,pass,167.75005925735584,2871,86.95625983145263,2182,0.00046539306640625,40f883e7c692fa7debd11557e3be49a11779796bf7afafbfbca86d83a813cba1,0.31499505779874065
216,28.529390335083008,5,0.0,0.0,4578ef56ef050e5c22ee509da0997a810d6e69c2f27a39ffc0886048a97c22c4,0.05,3fb1d41e5d6ed635f5f615ed0c47b2e93df3e8b042bada3e6a1ed05198e68195,2,0.3174317069083747,29.82140923445536,2,20260920,direct_time,0.000553131103515625,results/submission_revision_20261001/budget/f0.05_m20260920/direct_time/s43,147.4392316972958,20c55996e8488f06a202223ae910025f9788d09fb105ed594b830a96125f4443,55.840351050896416,43,87715,/idas/users/chenyujie/cyj/BusSegPredicionV2/results/submission_revision_20261001/budget/f0.05_m20260920/direct_time/s43/result.json,pass,163.77350283416462,2871,89.23385682324886,2182,0.000553131103515625,40f883e7c692fa7debd11557e3be49a11779796bf7afafbfbca86d83a813cba1,0.3215651122091756
192,27.915895462036133,5,0.0,0.0,4578ef56ef050e5c22ee509da0997a810d6e69c2f27a39ffc0886048a97c22c4,0.05,b7810d1c4081649a2805b289660766f26f9941cc8b6482cc9a1d2635a5d5caef,3,0.30803082260772513,28.941649164868373,2,20260920,direct_time,0.0007038116455078125,results/submission_revision_20261001/budget/f0.05_m20260920/direct_time/s44,145.95452196635205,0b15490bce12a369bd69a30e859ae07e70da112069733878d2a823c5b53825d6,55.45655456605206,44,87715,/idas/users/chenyujie/cyj/BusSegPredicionV2/results/submission_revision_20261001/budget/f0.05_m20260920/direct_time/s44/result.json,pass,159.70639851648855,2871,83.47211634855778,2182,0.0007038116455078125,40f883e7c692fa7debd11557e3be49a11779796bf7afafbfbca86d83a813cba1,0.3120786341131965
144,28.85525131225586,5,0.0,0.0,70c7f03d2a470ba6738a8405cab0d65cb3090faf1e77a2fd4eb481b9d437c88a,0.05,c790e4a1c9b6837fcb1534a9889d265235dcd813dd59d85d6a01fb7c9eff3c9e,1,0.3127829299591422,29.406258400651385,3,20260921,direct_time,0.00046539306640625,results/submission_revision_20261001/budget/f0.05_m20260921/direct_time/s42,152.31743724973347,333ca2f7c56678922eb2351a7402304ae8faf11f5f1f2797579bcaad64d8d9ee,55.75028332750207,42,87715,/idas/users/chenyujie/cyj/BusSegPredicionV2/results/submission_revision_20261001/budget/f0.05_m20260921/direct_time/s42/result.json,pass,170.6627183506938,2871,86.86093738333598,2182,0.00046539306640625,f2ae99baa8e8d91080305fd892f97d4dca5e641c3c8135cc24f168bf604e6a77,0.31708852884564814
216,28.94007110595703,5,0.0,0.0,70c7f03d2a470ba6738a8405cab0d65cb3090faf1e77a2fd4eb481b9d437c88a,0.05,3fb1d41e5d6ed635f5f615ed0c47b2e93df3e8b042bada3e6a1ed05198e68195,2,0.318274867400943,29.911662529020838,3,20260921,direct_time,0.000507354736328125,results/submission_revision_20261001/budget/f0.05_m20260921/direct_time/s43,154.6508975431091,9b54dd3168935168dcaccf12fd0ddc73940c36b8786f6eac3fdf1ff285c57cee,56.698838432889204,43,87715,/idas/users/chenyujie/cyj/BusSegPredicionV2/results/submission_revision_20261001/budget/f0.05_m20260921/direct_time/s43/result.json,pass,167.73282103869028,2871,88.57940693963982,2182,0.000507354736328125,f2ae99baa8e8d91080305fd892f97d4dca5e641c3c8135cc24f168bf604e6a77,0.32253831607643835
192,28.70844078063965,5,0.0,0.0,70c7f03d2a470ba6738a8405cab0d65cb3090faf1e77a2fd4eb481b9d437c88a,0.05,b7810d1c4081649a2805b289660766f26f9941cc8b6482cc9a1d2635a5d5caef,3,0.3123552913847404,29.383662457926302,3,20260921,direct_time,0.000446319580078125,results/submission_revision_20261001/budget/f0.05_m20260921/direct_time/s44,140.41149528435236,4534bcac1ad9c385267dfa79e3a2cfef08dfc947403dd5668238208b8f46b668,55.69217729053982,44,87715,/idas/users/chenyujie/cyj/BusSegPredicionV2/results/submission_revision_20261001/budget/f0.05_m20260921/direct_time/s44/result.json,pass,163.46490411416283,2871,85.76789085718698,2182,0.000446319580078125,f2ae99baa8e8d91080305fd892f97d4dca5e641c3c8135cc24f168bf604e6a77,0.31684487614631596
120,28.56516456604004,5,0.0,0.0,00bef6b760dd8a151e397324520546b969cd5e7b27c74afa8a408da11ba65fec,0.05,c790e4a1c9b6837fcb1534a9889d265235dcd813dd59d85d6a01fb7c9eff3c9e,1,0.313432734281294,29.534926540946863,1,20260919,ours,0.000537872314453125,results/submission_revision_20261001/budget/f0.05_m20260919/ours/s42,160.92140633288489,e27d4a694fa4f4d3154ba5e7380c5787a37c5be00d81806544d19f000aae2385,57.2195797444539,42,87715,/idas/users/chenyujie/cyj/BusSegPredicionV2/results/submission_revision_20261001/budget/f0.05_m20260919/ours/s42/result.json,pass,180.28423432297342,2871,90.49648157348948,2182,0.000537872314453125,c7cbd1721d25711c2c2175ff84873657fcf5f19c4ca3af6c7d7776e9567caba3,0.31847596109764437
240,28.869911193847656,5,0.0,0.0,00bef6b760dd8a151e397324520546b969cd5e7b27c74afa8a408da11ba65fec,0.05,3fb1d41e5d6ed635f5f615ed0c47b2e93df3e8b042bada3e6a1ed05198e68195,2,0.3143649318183557,29.566889256647674,1,20260919,ours,0.000640869140625,results/submission_revision_20261001/budget/f0.05_m20260919/ours/s43,149.7504840898033,a8507f66c19cbaa55d8f0ad9b56e2604168a30d3f2f11cef998ef98e71fe7091,56.37159840240845,43,87715,/idas/users/chenyujie/cyj/BusSegPredicionV2/results/submission_revision_20261001/budget/f0.05_m20260919/ours/s43/result.json,pass,169.13231259661242,2871,86.421431785493,2182,0.000640869140625,c7cbd1721d25711c2c2175ff84873657fcf5f19c4ca3af6c7d7776e9567caba3,0.3188206159789759
216,28.980722427368164,5,0.0,0.0,00bef6b760dd8a151e397324520546b969cd5e7b27c74afa8a408da11ba65fec,0.05,b7810d1c4081649a2805b289660766f26f9941cc8b6482cc9a1d2635a5d5caef,3,0.321011441447033,30.161917429677587,1,20260919,ours,0.0006256103515625,results/submission_revision_20261001/budget/f0.05_m20260919/ours/s44,155.48753146356012,495665a5475a7916cc8a41702d6ac28ce57ffd39766ca8ab3661a18e177d77e0,57.66161145844014,44,87715,/idas/users/chenyujie/cyj/BusSegPredicionV2/results/submission_revision_20261001/budget/f0.05_m20260919/ours/s44/result.json,pass,173.99624105630872,2871,89.73238497906705,2182,0.0006256103515625,c7cbd1721d25711c2c2175ff84873657fcf5f19c4ca3af6c7d7776e9567caba3,0.32523682185723174
192,28.152761459350586,5,0.0,0.0,4578ef56ef050e5c22ee509da0997a810d6e69c2f27a39ffc0886048a97c22c4,0.05,c790e4a1c9b6837fcb1534a9889d265235dcd813dd59d85d6a01fb7c9eff3c9e,1,0.3128733452531859,29.3863557713351,2,20260920,ours,0.0005970001220703125,results/submission_revision_20261001/budget/f0.05_m20260920/ours/s42,148.53825630735193,297a513b48f12a90dfe515858b872553b5fa3896af0072e2cf314ffad5036613,56.38785622622001,42,87715,/idas/users/chenyujie/cyj/BusSegPredicionV2/results/submission_revision_20261001/budget/f0.05_m20260920/ours/s42/result.json,pass,167.48739489027534,2871,86.57638905797194,2182,0.0005970001220703125,40f883e7c692fa7debd11557e3be49a11779796bf7afafbfbca86d83a813cba1,0.3168739182221517
168,28.374788284301758,5,0.0,0.0,4578ef56ef050e5c22ee509da0997a810d6e69c2f27a39ffc0886048a97c22c4,0.05,3fb1d41e5d6ed635f5f615ed0c47b2e93df3e8b042bada3e6a1ed05198e68195,2,0.31507298426194885,29.563929538904027,2,20260920,ours,0.0005950927734375,results/submission_revision_20261001/budget/f0.05_m20260920/ours/s43,141.59180533918735,1ee1e9afc0f71ea1e9f4f1c8b28f078b2613491cb1aeb4e4cf30e8ff8f79a1b1,55.533543299477266,43,87715,/idas/users/chenyujie/cyj/BusSegPredicionV2/results/submission_revision_20261001/budget/f0.05_m20260920/ours/s43/result.json,pass,165.14148937970742,2871,86.61747479805202,2182,0.0005950927734375,40f883e7c692fa7debd11557e3be49a11779796bf7afafbfbca86d83a813cba1,0.3187887012575467
192,28.57770347595215,5,0.0,0.0,4578ef56ef050e5c22ee509da0997a810d6e69c2f27a39ffc0886048a97c22c4,0.05,b7810d1c4081649a2805b289660766f26f9941cc8b6482cc9a1d2635a5d5caef,3,0.317022055909656,29.747199576201247,2,20260920,ours,0.000522613525390625,results/submission_revision_20261001/budget/f0.05_m20260920/ours/s44,148.07323133694152,6bff789f02d6d9a15a1f29170bd7ef9453169c64834bb9371dbd1eda92d390fa,56.634154723643135,44,87715,/idas/users/chenyujie/cyj/BusSegPredicionV2/results/submission_revision_20261001/budget/f0.05_m20260920/ours/s44/result.json,pass,164.80735379999334,2871,86.16085082531713,2182,0.000522613525390625,40f883e7c692fa7debd11557e3be49a11779796bf7afafbfbca86d83a813cba1,0.3207649073330118
144,29.05459976196289,5,0.0,0.0,70c7f03d2a470ba6738a8405cab0d65cb3090faf1e77a2fd4eb481b9d437c88a,0.05,c790e4a1c9b6837fcb1534a9889d265235dcd813dd59d85d6a01fb7c9eff3c9e,1,0.31266460231736887,29.423483185180203,3,20260921,ours,0.000606536865234375,results/submission_revision_20261001/budget/f0.05_m20260921/ours/s42,144.66937948300355,5acbddad5756a516d69af9e3b213c9057a553e6809825737e63de15e86adbde3,56.36669017985968,42,87715,/idas/users/chenyujie/cyj/BusSegPredicionV2/results/submission_revision_20261001/budget/f0.05_m20260921/ours/s42/result.json,pass,169.694629744261,2871,86.98437873816724,2182,0.000606536865234375,f2ae99baa8e8d91080305fd892f97d4dca5e641c3c8135cc24f168bf604e6a77,0.3172742641918969
168,28.748300552368164,5,0.0,0.0,70c7f03d2a470ba6738a8405cab0d65cb3090faf1e77a2fd4eb481b9d437c88a,0.05,3fb1d41e5d6ed635f5f615ed0c47b2e93df3e8b042bada3e6a1ed05198e68195,2,0.30962185319560703,29.08689536241606,3,20260921,ours,0.0005035400390625,results/submission_revision_20261001/budget/f0.05_m20260921/ours/s43,146.02659988141082,a16c55304291fa1032265c17f3cecde4bf5182e090ca055b9145e74e0ed1b219,55.32229126476527,43,87715,/idas/users/chenyujie/cyj/BusSegPredicionV2/results/submission_revision_20261001/budget/f0.05_m20260921/ours/s43/result.json,pass,162.9602793119212,2871,84.70594268668982,2182,0.0005035400390625,f2ae99baa8e8d91080305fd892f97d4dca5e641c3c8135cc24f168bf604e6a77,0.3136448280326446
240,29.17830467224121,5,0.0,0.0,70c7f03d2a470ba6738a8405cab0d65cb3090faf1e77a2fd4eb481b9d437c88a,0.05,b7810d1c4081649a2805b289660766f26f9941cc8b6482cc9a1d2635a5d5caef,3,0.31599217628109233,29.70860506420987,3,20260921,ours,0.0005435943603515625,results/submission_revision_20261001/budget/f0.05_m20260921/ours/s44,147.69295600857023,e31d176bfa56c35ef4d8a4c3eb0e9d70d9dc0c887ce4980f522a62555ebf3f85,56.74126232708404,44,87715,/idas/users/chenyujie/cyj/BusSegPredicionV2/results/submission_revision_20261001/budget/f0.05_m20260921/ours/s44/result.json,pass,167.87647580818114,2871,86.28992680140904,2182,0.0005435943603515625,f2ae99baa8e8d91080305fd892f97d4dca5e641c3c8135cc24f168bf604e6a77,0.32034874160182203
,,1,,,,,,1,0.5772692628296023,54.284430730616414,1,20260919,uniform,9.094947017729282e-13,,276.78418789924694,,87.17202024247639,,87715,/idas/users/chenyujie/cyj/paper小论文/overleaf_ieee_transactions_20260930_final/evidence/uniform_f0.01_m20260919.npz,,338.0172218300607,2871,182.44676883027958,2182,9.094947017729282e-13,,0.5853505755500454
,,5,,,,,,1,0.5772692628296023,54.284430730616414,1,20260919,uniform,9.094947017729282e-13,,276.78418789924694,,87.17202024247639,,87715,/idas/users/chenyujie/cyj/paper小论文/overleaf_ieee_transactions_20260930_final/evidence/uniform_f0.01_m20260919.npz,,338.0172218300607,2871,182.44676883027958,2182,9.094947017729282e-13,,0.5853505755500454
,,10,,,,,,1,0.5772692628296023,54.284430730616414,1,20260919,uniform,9.094947017729282e-13,,276.78418789924694,,87.17202024247639,,87715,/idas/users/chenyujie/cyj/paper小论文/overleaf_ieee_transactions_20260930_final/evidence/uniform_f0.01_m20260919.npz,,338.0172218300607,2871,182.44676883027958,2182,9.094947017729282e-13,,0.5853505755500454
