best_step,initialization_repeat,macro_normalized_l1,mae,mask_repeat,mask_seed,method,new_training_run,observed_total_max_residual,panel,path,prefix50,rmse,seed,segments,status,tail_mae,tail_n,top10_mae,trips,true_total_max_residual,variant,wape
192,1,0.30205074302282287,28.44023270340892,1,20260919,centered045_reference,False,0.000446319580078125,correction_parameterization,results/thesis_final_protocol_20260926/f0.1_m20260919/ours/s42,141.90347745110418,55.03782282841349,42,87715,pass,165.64735786726317,2871,85.18376887421316,2182,0.000446319580078125,centered045_reference,0.30667184600921765
240,1,0.30310978356036067,28.53335228754559,1,20260919,rho010,False,0.000484466552734375,correction_parameterization,results/submission_revision_20261001/mechanism/rho010/s42,140.9960788736422,55.669094630281904,42,87715,pass,171.91892473093935,2871,86.51522110530308,2182,0.000484466552734375,rho010,0.30767595715924284
240,1,0.30209538754480453,28.43799230141426,1,20260919,rho025,False,0.0005016326904296875,correction_parameterization,results/submission_revision_20261001/mechanism/rho025/s42,139.54386839661217,55.3415689277512,42,87715,pass,170.15335324299704,2871,85.4259857504315,2182,0.0005016326904296875,rho025,0.30664768769016765
192,1,0.3031776482767671,28.533940703381102,1,20260919,uncentered045,False,0.00060272216796875,correction_parameterization,results/submission_revision_20261001/mechanism/uncentered045/s42,142.96373695326332,55.18598501675155,42,87715,pass,167.67463325432723,2871,85.91670611579741,2182,0.00060272216796875,uncentered045,0.30768230206409575
120,2,0.30328935459107204,28.52431882582008,1,20260919,centered045_reference,False,0.0005340576171875,correction_parameterization,results/thesis_final_protocol_20260926/f0.1_m20260919/ours/s43,141.20294014365163,54.753418850349384,43,87715,pass,164.1161644449636,2871,83.41921303066904,2182,0.0005340576171875,centered045_reference,0.3075785490820268
240,2,0.3061505591275923,28.79751023572126,1,20260919,rho010,False,0.0005588531494140625,correction_parameterization,results/submission_revision_20261001/mechanism/rho010/s43,141.17357293670054,56.17914600018105,43,87715,pass,168.48964302251665,2871,87.29201519549538,2182,0.0005588531494140625,rho010,0.3105243799007111
144,2,0.3023194310391944,28.4482801389648,1,20260919,rho025,False,0.00058746337890625,correction_parameterization,results/submission_revision_20261001/mechanism/rho025/s43,138.8799449320128,55.14515889189664,43,87715,pass,166.32352268866072,2871,84.46683093774804,2182,0.00058746337890625,rho025,0.3067586217379291
216,2,0.30151110312589946,28.36236820427523,1,20260919,uncentered045,False,0.000659942626953125,correction_parameterization,results/submission_revision_20261001/mechanism/uncentered045/s43,139.35721581229149,54.938300998954404,43,87715,pass,161.7187267155317,2871,83.6885023747602,2182,0.000659942626953125,uncentered045,0.30583223087888683
144,3,0.3103925483681891,29.16375245050429,1,20260919,centered045_reference,False,0.0005950927734375,correction_parameterization,results/thesis_final_protocol_20260926/f0.1_m20260919/ours/s44,149.68961111369427,55.77245884112631,44,87715,pass,163.7859278572266,2871,85.83434225675555,2182,0.0005950927734375,centered045_reference,0.3144735802207406
144,3,0.3101570013409348,29.150817478816837,1,20260919,rho010,False,0.000579833984375,correction_parameterization,results/submission_revision_20261001/mechanism/rho010/s44,147.65539783780233,56.6081767785001,44,87715,pass,166.95013167840685,2871,87.1464577716672,2182,0.000579833984375,rho010,0.3143341020495584
168,3,0.30717528415290973,28.86896818726703,1,20260919,rho025,False,0.000812530517578125,correction_parameterization,results/submission_revision_20261001/mechanism/rho025/s44,143.14456013907653,55.82308769660441,44,87715,pass,164.2469154319378,2871,85.72449312903575,2182,0.000812530517578125,rho025,0.31129491304441326
144,3,0.30672403910736906,28.830549046789805,1,20260919,uncentered045,False,0.0004730224609375,correction_parameterization,results/submission_revision_20261001/mechanism/uncentered045/s44,142.61919332533992,55.02228559854385,44,87715,pass,164.52872059462337,2871,85.1223235747567,2182,0.0004730224609375,uncentered045,0.3108806383492971
240,1,0.3059903599679914,28.749255732340774,2,20260920,centered045_reference,False,0.00058746337890625,correction_parameterization,results/thesis_final_protocol_20260926/f0.1_m20260920/ours/s42,154.73144474387934,55.02694571533052,42,87715,pass,161.03833826889522,2871,84.25083437049555,2182,0.00058746337890625,centered045_reference,0.3100040502049496
216,1,0.30942767716468844,29.066497446358195,2,20260920,rho010,True,0.00046539306640625,correction_parameterization,results/submission_ablation_extension_20261002/mechanism/f0.1_m20260920/rho010/s42,154.10507063773878,56.51920144981283,42,87715,pass,170.97760424718587,2871,89.18754871923201,2182,0.00046539306640625,rho010,0.31342487671798963
240,1,0.30690304923711836,28.831737759439076,2,20260920,rho025,True,0.0006561279296875,correction_parameterization,results/submission_ablation_extension_20261002/mechanism/f0.1_m20260920/rho025/s42,153.29360214665218,55.76930752974844,42,87715,pass,167.22238914479115,2871,86.69260149833282,2182,0.0006561279296875,rho025,0.31089345627193254
192,1,0.3096006284311266,29.07261113294723,2,20260920,uncentered045,True,0.0004901885986328125,correction_parameterization,results/submission_ablation_extension_20261002/mechanism/f0.1_m20260920/uncentered045/s42,148.73383824788135,55.31208024580156,42,87715,pass,165.0128438358978,2871,85.91859589390315,2182,0.0004901885986328125,uncentered045,0.3134908007760568
192,2,0.3040991059141609,28.550403133208157,2,20260920,centered045_reference,False,0.000621795654296875,correction_parameterization,results/thesis_final_protocol_20260926/f0.1_m20260920/ours/s43,139.84364675798076,54.606476160251006,43,87715,pass,155.73082173140529,2871,83.28640045443413,2182,0.000621795654296875,centered045_reference,0.3078598169177015
240,2,0.30804944833223025,28.905265156684425,2,20260920,rho010,True,0.0004558563232421875,correction_parameterization,results/submission_ablation_extension_20261002/mechanism/f0.1_m20260920/rho010/s43,143.71976755935046,56.142357551576204,43,87715,pass,161.51794179081293,2871,85.58577055815509,2182,0.0004558563232421875,rho010,0.31168630430804517
192,2,0.3043793590944739,28.583106491431565,2,20260920,rho025,True,0.0005817413330078125,correction_parameterization,results/submission_ablation_extension_20261002/mechanism/f0.1_m20260920/rho025/s43,141.81392638952113,54.95881045375043,43,87715,pass,160.0296650653681,2871,84.71145521673485,2182,0.0005817413330078125,rho025,0.3082124581686246
216,2,0.3042554041718179,28.56415249529827,2,20260920,uncentered045,True,0.0005893707275390625,correction_parameterization,results/submission_ablation_extension_20261002/mechanism/f0.1_m20260920/uncentered045/s43,139.8381899860777,54.57447255135184,43,87715,pass,153.39522501401726,2871,81.4685823901896,2182,0.0005893707275390625,uncentered045,0.3080080766839839
168,3,0.3031177254416725,28.474872228576448,2,20260920,centered045_reference,False,0.00061798095703125,correction_parameterization,results/thesis_final_protocol_20260926/f0.1_m20260920/ours/s44,145.1269557919664,54.58612252655906,44,87715,pass,160.9026082861677,2871,82.94402406898094,2182,0.00061798095703125,centered045_reference,0.30704536500390345
240,3,0.306298292910168,28.766040055740792,2,20260920,rho010,True,0.000492095947265625,correction_parameterization,results/submission_ablation_extension_20261002/mechanism/f0.1_m20260920/rho010/s44,146.63547022685776,55.839990398068764,44,87715,pass,165.32820661372733,2871,85.92116396433302,2182,0.000492095947265625,rho010,0.310185036046197
216,3,0.3079878690262954,28.903851919506348,2,20260920,rho025,True,0.00055694580078125,correction_parameterization,results/submission_ablation_extension_20261002/mechanism/f0.1_m20260920/rho025/s44,148.76475487795585,56.05100526056944,44,87715,pass,161.24154996788906,2871,84.83404172973081,2182,0.00055694580078125,rho025,0.3116710653309675
192,3,0.30229182562747997,28.414216933511092,2,20260920,uncentered045,True,0.00057220458984375,correction_parameterization,results/submission_ablation_extension_20261002/mechanism/f0.1_m20260920/uncentered045/s44,146.05251124230796,54.892270577110665,44,87715,pass,161.32189874240473,2871,83.78020140641495,2182,0.00057220458984375,uncentered045,0.30639131721526863
168,1,0.3028418655659044,28.491969020982456,3,20260921,centered045_reference,False,0.0006122589111328125,correction_parameterization,results/thesis_final_protocol_20260926/f0.1_m20260921/ours/s42,142.65599749483832,54.874983306604804,42,87715,pass,167.61512622381494,2871,85.22182181782794,2182,0.0006122589111328125,centered045_reference,0.30722972020741623
216,1,0.30480556845001544,28.669010321656213,3,20260921,rho010,True,0.00041961669921875,correction_parameterization,results/submission_ablation_extension_20261002/mechanism/f0.1_m20260921/rho010/s42,143.39931077152954,55.94197009372552,42,87715,pass,167.75095848686726,2871,86.94666629405658,2182,0.00041961669921875,rho010,0.3091387616369889
216,1,0.3030278898621455,28.520896484682908,3,20260921,rho025,True,0.0004367828369140625,correction_parameterization,results/submission_ablation_extension_20261002/mechanism/f0.1_m20260921/rho025/s42,141.33642111034376,55.359949823706806,42,87715,pass,168.7910651077754,2871,85.98668882085713,2182,0.0004367828369140625,rho025,0.30754164587925925
192,1,0.30345489109315443,28.544267522601725,3,20260921,uncentered045,True,0.000560760498046875,correction_parameterization,results/submission_ablation_extension_20261002/mechanism/f0.1_m20260921/uncentered045/s42,146.08659744218988,55.0255122675466,42,87715,pass,166.2716439973598,2871,85.60368489437093,2182,0.000560760498046875,uncentered045,0.3077936564523252
192,2,0.3026453289894861,28.475789889262952,3,20260921,centered045_reference,False,0.0005016326904296875,correction_parameterization,results/thesis_final_protocol_20260926/f0.1_m20260921/ours/s43,143.23391389671977,54.47475916824274,43,87715,pass,161.89642685259398,2871,84.06891828894062,2182,0.0005016326904296875,centered045_reference,0.3070552601654401
240,2,0.30712021082275287,28.860628661762544,3,20260921,rho010,True,0.000614166259765625,correction_parameterization,results/submission_ablation_extension_20261002/mechanism/f0.1_m20260921/rho010/s43,145.39449151386154,55.89759270042101,43,87715,pass,164.55081892727725,2871,85.09671675911757,2182,0.000614166259765625,rho010,0.31120498770139754
240,2,0.3050899082573271,28.694276564617166,3,20260921,rho025,True,0.0004367828369140625,correction_parameterization,results/submission_ablation_extension_20261002/mechanism/f0.1_m20260921/rho025/s43,141.8724010574173,55.381699305727366,43,87715,pass,166.85924751191388,2871,85.24364403542198,2182,0.0004367828369140625,rho025,0.3094112082604521
240,2,0.30497805412630064,28.672204538341095,3,20260921,uncentered045,True,0.0004787445068359375,correction_parameterization,results/submission_ablation_extension_20261002/mechanism/f0.1_m20260921/uncentered045/s43,140.2273056985696,55.01358621236225,43,87715,pass,162.6787077891457,2871,83.46290987446605,2182,0.0004787445068359375,uncentered045,0.30917320496723594
216,3,0.3063972498318041,28.822668792526947,3,20260921,centered045_reference,False,0.00043487548828125,correction_parameterization,results/thesis_final_protocol_20260926/f0.1_m20260921/ours/s44,148.98529571529707,55.237185741302554,44,87715,pass,163.94897016886011,2871,84.41565941175645,2182,0.00043487548828125,centered045_reference,0.3107956653412695
240,3,0.30724192875122175,28.891693566390877,3,20260921,rho010,True,0.0005550384521484375,correction_parameterization,results/submission_ablation_extension_20261002/mechanism/f0.1_m20260921/rho010/s44,144.98703955860995,55.768653166563695,44,87715,pass,167.15197482486087,2871,86.52709008537045,2182,0.0005550384521484375,rho010,0.3115399614601505
216,3,0.30623632176832627,28.80637833571846,3,20260921,rho025,True,0.00052642822265625,correction_parameterization,results/submission_ablation_extension_20261002/mechanism/f0.1_m20260921/rho025/s44,144.07437079680503,55.69714714786303,44,87715,pass,167.27084664358406,2871,86.52702426231663,2182,0.00052642822265625,rho025,0.3106200048776618
216,3,0.3050186003922778,28.690930460497313,3,20260921,uncentered045,True,0.00048065185546875,correction_parameterization,results/submission_ablation_extension_20261002/mechanism/f0.1_m20260921/uncentered045/s44,149.62630031482547,55.30337072813668,44,87715,pass,162.6739881854986,2871,83.64830213254601,2182,0.00048065185546875,uncentered045,0.30937512712363174
