best_step,group,initialization_repeat,macro_normalized_l1,mae,method,observed_total_max_residual,prefix50,rmse,seed,segments,tail_mae,tail_n,top10_mae,trips,true_total_max_residual,wape
216,prefix,1,0.5315617757766515,50.10245087715523,ours,0.000492095947265625,282.19730936748846,83.96153939795586,42,87715,291.8681607752966,2871,149.08653606475784,2182,0.000492095947265625,0.540256166688877
192,prefix,2,0.522357701884221,49.19294599399242,ours,0.000476837158203125,298.40821214294783,81.20510789400652,43,87715,284.29676559684754,2871,145.13480524020812,2182,0.000476837158203125,0.5304489494138754
216,prefix,3,0.5408129480506387,51.0685288608927,ours,0.0004730224609375,373.4201294586923,86.56508562475068,44,87715,310.6988090367651,2871,157.70609212622563,2182,0.0004730224609375,0.5506734133320847
216,prefix,1,0.5291125149851051,49.888997517470344,direct_time,0.000583648681640625,265.7953476599878,83.00088603543003,42,87715,279.34947490858224,2871,141.6720606156143,2182,0.000583648681640625,0.5379544929812781
144,prefix,2,0.5374026323750828,50.54761319938655,direct_time,0.00063323974609375,334.06303060546475,82.93226928726338,43,87715,290.6374857506242,2871,149.62396931306426,2182,0.00063323974609375,0.5450563647940094
216,prefix,3,0.5403587105040398,50.978838675142946,direct_time,0.000484466552734375,379.53199938936694,86.28126422595449,44,87715,307.5413496910342,2871,155.16717875324738,2182,0.000484466552734375,0.5497062814833538
240,identity_matched_random,1,0.5238624731039713,49.46216976376914,ours,0.00043487548828125,327.8398566241662,83.4573470722852,42,87715,300.0862722207511,2871,149.38017895518044,2182,0.00043487548828125,0.533351997055152
240,identity_matched_random,2,0.53917270055596,50.76176117778144,ours,0.00055694580078125,342.00087833666777,83.64701071737672,43,87715,292.6142658999638,2871,150.0645082324236,2182,0.00055694580078125,0.547365528595107
240,identity_matched_random,3,0.5398991070920554,50.96820157651298,ours,0.00052642822265625,375.0600443699292,86.00920752628363,44,87715,305.5123702799639,2871,155.87625824316927,2182,0.00052642822265625,0.5495915813433425
192,identity_matched_random,1,0.5445867141884254,51.40678558003323,direct_time,0.000514984130859375,358.70396085816935,85.27596079238084,42,87715,296.63401994768316,2871,149.9116883415116,2182,0.000514984130859375,0.5543208452488922
240,identity_matched_random,2,0.5522995452724698,51.96573530130931,direct_time,0.00061798095703125,357.4496857060084,85.95055073106336,43,87715,303.26342080487314,2871,157.21075501985436,2182,0.00061798095703125,0.5603480161457579
216,identity_matched_random,3,0.538341977238502,50.74860247716538,direct_time,0.00043487548828125,372.4091083961927,85.69578352463668,44,87715,302.6161392916789,2871,154.88947066503312,2182,0.00043487548828125,0.5472236379484624
