budget_percent,mae_mean_seconds,mae_sample_sd_seconds,method,runs
1,31.498385814292547,0.5624295744537647,identity_mean,3
1,32.15345284490345,0.5830518963576219,nnls_ridge_tuned,3
1,33.25476899485196,0.5164088462335588,direct_time,9
1,33.10860763762892,0.47623957520301674,ours,9
1,54.284430730616414,0.0,uniform,3
5,29.991495925457127,0.05804022585592023,identity_mean,3
5,30.426097939189777,0.054618345069693444,nnls_ridge_tuned,3
5,29.455102158719278,0.3821118993865441,direct_time,9
5,29.575577969502067,0.29380189304333904,ours,9
5,54.284430730616414,0.0,uniform,1
10,29.85348779461927,0.09651879295220778,identity_mean,3
10,30.210357505178383,0.0505384398112493,nnls_ridge_tuned,3
10,28.551240229498358,0.21081309419097366,direct_time,9
10,28.632584752959,0.23890073166538575,ours,9
10,54.284430730616414,0.0,uniform,3
