budget_percent,difference_seconds,direct_mae_seconds,direct_source,initialization_repeat,mask_repeat,ours_mae_seconds,ours_source
1,0.06942133104652015,32.96847525111002,/idas/users/chenyujie/cyj/BusSegPredicionV2/results/thesis_final_protocol_20260926/f0.01_m20260919/direct_time/s42/result.json,1,1,33.03789658215654,/idas/users/chenyujie/cyj/BusSegPredicionV2/results/thesis_final_protocol_20260926/f0.01_m20260919/ours/s42/result.json
1,0.6363917560878605,32.96851512619946,/idas/users/chenyujie/cyj/BusSegPredicionV2/results/thesis_final_protocol_20260926/f0.01_m20260919/direct_time/s43/result.json,2,1,33.604906882287324,/idas/users/chenyujie/cyj/BusSegPredicionV2/results/thesis_final_protocol_20260926/f0.01_m20260919/ours/s43/result.json
1,0.4514152115443153,32.64697008831487,/idas/users/chenyujie/cyj/BusSegPredicionV2/results/thesis_final_protocol_20260926/f0.01_m20260919/direct_time/s44/result.json,3,1,33.09838529985919,/idas/users/chenyujie/cyj/BusSegPredicionV2/results/thesis_final_protocol_20260926/f0.01_m20260919/ours/s44/result.json
1,0.4391679620495452,33.65772214102472,/idas/users/chenyujie/cyj/BusSegPredicionV2/results/thesis_final_protocol_20260926/f0.01_m20260920/direct_time/s42/result.json,1,2,34.096890103074266,/idas/users/chenyujie/cyj/BusSegPredicionV2/results/thesis_final_protocol_20260926/f0.01_m20260920/ours/s42/result.json
1,-1.6869287001259679,34.15395379235262,/idas/users/chenyujie/cyj/BusSegPredicionV2/results/thesis_final_protocol_20260926/f0.01_m20260920/direct_time/s43/result.json,2,2,32.46702509222665,/idas/users/chenyujie/cyj/BusSegPredicionV2/results/thesis_final_protocol_20260926/f0.01_m20260920/ours/s43/result.json
1,-0.5998093332198167,33.467154209704724,/idas/users/chenyujie/cyj/BusSegPredicionV2/results/thesis_final_protocol_20260926/f0.01_m20260920/direct_time/s44/result.json,3,2,32.86734487648491,/idas/users/chenyujie/cyj/BusSegPredicionV2/results/thesis_final_protocol_20260926/f0.01_m20260920/ours/s44/result.json
1,0.21938949799800156,32.73195460554961,/idas/users/chenyujie/cyj/BusSegPredicionV2/results/thesis_final_protocol_20260926/f0.01_m20260921/direct_time/s42/result.json,1,3,32.95134410354761,/idas/users/chenyujie/cyj/BusSegPredicionV2/results/thesis_final_protocol_20260926/f0.01_m20260921/ours/s42/result.json
1,-0.6916966064227879,33.731815496361094,/idas/users/chenyujie/cyj/BusSegPredicionV2/results/thesis_final_protocol_20260926/f0.01_m20260921/direct_time/s43/result.json,2,3,33.040118889938306,/idas/users/chenyujie/cyj/BusSegPredicionV2/results/thesis_final_protocol_20260926/f0.01_m20260921/ours/s43/result.json
1,-0.1528033339650392,32.96636024305053,/idas/users/chenyujie/cyj/BusSegPredicionV2/results/thesis_final_protocol_20260926/f0.01_m20260921/direct_time/s44/result.json,3,3,32.81355690908549,/idas/users/chenyujie/cyj/BusSegPredicionV2/results/thesis_final_protocol_20260926/f0.01_m20260921/ours/s44/result.json
5,-0.06911243278243617,29.6040389737293,/idas/users/chenyujie/cyj/BusSegPredicionV2/results/submission_revision_20261001/budget/f0.05_m20260919/direct_time/s42/result.json,1,1,29.534926540946863,/idas/users/chenyujie/cyj/BusSegPredicionV2/results/submission_revision_20261001/budget/f0.05_m20260919/ours/s42/result.json
5,0.6433610986047356,28.923528158042938,/idas/users/chenyujie/cyj/BusSegPredicionV2/results/submission_revision_20261001/budget/f0.05_m20260919/direct_time/s43/result.json,2,1,29.566889256647674,/idas/users/chenyujie/cyj/BusSegPredicionV2/results/submission_revision_20261001/budget/f0.05_m20260919/ours/s43/result.json
5,0.2703203264571421,29.891597103220445,/idas/users/chenyujie/cyj/BusSegPredicionV2/results/submission_revision_20261001/budget/f0.05_m20260919/direct_time/s44/result.json,3,1,30.161917429677587,/idas/users/chenyujie/cyj/BusSegPredicionV2/results/submission_revision_20261001/budget/f0.05_m20260919/ours/s44/result.json
5,0.1742423647765463,29.212113406558554,/idas/users/chenyujie/cyj/BusSegPredicionV2/results/submission_revision_20261001/budget/f0.05_m20260920/direct_time/s42/result.json,1,2,29.3863557713351,/idas/users/chenyujie/cyj/BusSegPredicionV2/results/submission_revision_20261001/budget/f0.05_m20260920/ours/s42/result.json
5,-0.2574796955513321,29.82140923445536,/idas/users/chenyujie/cyj/BusSegPredicionV2/results/submission_revision_20261001/budget/f0.05_m20260920/direct_time/s43/result.json,2,2,29.563929538904027,/idas/users/chenyujie/cyj/BusSegPredicionV2/results/submission_revision_20261001/budget/f0.05_m20260920/ours/s43/result.json
5,0.8055504113328738,28.941649164868373,/idas/users/chenyujie/cyj/BusSegPredicionV2/results/submission_revision_20261001/budget/f0.05_m20260920/direct_time/s44/result.json,3,2,29.747199576201247,/idas/users/chenyujie/cyj/BusSegPredicionV2/results/submission_revision_20261001/budget/f0.05_m20260920/ours/s44/result.json
5,0.017224784528817594,29.406258400651385,/idas/users/chenyujie/cyj/BusSegPredicionV2/results/submission_revision_20261001/budget/f0.05_m20260921/direct_time/s42/result.json,1,3,29.423483185180203,/idas/users/chenyujie/cyj/BusSegPredicionV2/results/submission_revision_20261001/budget/f0.05_m20260921/ours/s42/result.json
5,-0.8247671666047758,29.911662529020838,/idas/users/chenyujie/cyj/BusSegPredicionV2/results/submission_revision_20261001/budget/f0.05_m20260921/direct_time/s43/result.json,2,3,29.08689536241606,/idas/users/chenyujie/cyj/BusSegPredicionV2/results/submission_revision_20261001/budget/f0.05_m20260921/ours/s43/result.json
5,0.3249426062835674,29.383662457926302,/idas/users/chenyujie/cyj/BusSegPredicionV2/results/submission_revision_20261001/budget/f0.05_m20260921/direct_time/s44/result.json,3,3,29.70860506420987,/idas/users/chenyujie/cyj/BusSegPredicionV2/results/submission_revision_20261001/budget/f0.05_m20260921/ours/s44/result.json
10,-0.15775629619926335,28.597988999608184,/idas/users/chenyujie/cyj/BusSegPredicionV2/results/thesis_final_protocol_20260926/f0.1_m20260919/direct_time/s42/result.json,1,1,28.44023270340892,/idas/users/chenyujie/cyj/BusSegPredicionV2/results/thesis_final_protocol_20260926/f0.1_m20260919/ours/s42/result.json
10,0.3126778990147514,28.21164092680533,/idas/users/chenyujie/cyj/BusSegPredicionV2/results/thesis_final_protocol_20260926/f0.1_m20260919/direct_time/s43/result.json,2,1,28.52431882582008,/idas/users/chenyujie/cyj/BusSegPredicionV2/results/thesis_final_protocol_20260926/f0.1_m20260919/ours/s43/result.json
10,0.9325568505161961,28.231195599988094,/idas/users/chenyujie/cyj/BusSegPredicionV2/results/thesis_final_protocol_20260926/f0.1_m20260919/direct_time/s44/result.json,3,1,29.16375245050429,/idas/users/chenyujie/cyj/BusSegPredicionV2/results/thesis_final_protocol_20260926/f0.1_m20260919/ours/s44/result.json
10,0.12434860288855631,28.624907129452218,/idas/users/chenyujie/cyj/BusSegPredicionV2/results/thesis_final_protocol_20260926/f0.1_m20260920/direct_time/s42/result.json,1,2,28.749255732340774,/idas/users/chenyujie/cyj/BusSegPredicionV2/results/thesis_final_protocol_20260926/f0.1_m20260920/ours/s42/result.json
10,-0.04823319027349271,28.59863632348165,/idas/users/chenyujie/cyj/BusSegPredicionV2/results/thesis_final_protocol_20260926/f0.1_m20260920/direct_time/s43/result.json,2,2,28.550403133208157,/idas/users/chenyujie/cyj/BusSegPredicionV2/results/thesis_final_protocol_20260926/f0.1_m20260920/ours/s43/result.json
10,-0.38658773419196635,28.861459962768414,/idas/users/chenyujie/cyj/BusSegPredicionV2/results/thesis_final_protocol_20260926/f0.1_m20260920/direct_time/s44/result.json,3,2,28.474872228576448,/idas/users/chenyujie/cyj/BusSegPredicionV2/results/thesis_final_protocol_20260926/f0.1_m20260920/ours/s44/result.json
10,-0.004063908972124608,28.49603292995458,/idas/users/chenyujie/cyj/BusSegPredicionV2/results/thesis_final_protocol_20260926/f0.1_m20260921/direct_time/s42/result.json,1,3,28.491969020982456,/idas/users/chenyujie/cyj/BusSegPredicionV2/results/thesis_final_protocol_20260926/f0.1_m20260921/ours/s42/result.json
10,-0.17659083181399637,28.65238072107695,/idas/users/chenyujie/cyj/BusSegPredicionV2/results/thesis_final_protocol_20260926/f0.1_m20260921/direct_time/s43/result.json,2,3,28.475789889262952,/idas/users/chenyujie/cyj/BusSegPredicionV2/results/thesis_final_protocol_20260926/f0.1_m20260921/ours/s43/result.json
10,0.13574932017715113,28.686919472349796,/idas/users/chenyujie/cyj/BusSegPredicionV2/results/thesis_final_protocol_20260926/f0.1_m20260921/direct_time/s44/result.json,3,3,28.822668792526947,/idas/users/chenyujie/cyj/BusSegPredicionV2/results/thesis_final_protocol_20260926/f0.1_m20260921/ours/s44/result.json
